slug,pct_without_ac
adelanto,2.0
agoura-hills,1.231
alameda,62.12
albany,52.45
alhambra,10.904
aliso-viejo,19.326
alturas,44.7
amador-city,7.8
american-canyon,16.0
anaheim,27.971
anderson,2.957
angels,5.8
antioch,6.765
apple-valley,1.382
arcadia,7.475
arcata,75.954
arroyo-grande,62.602
artesia,31.466
arvin,1.494
atascadero,10.244
atherton,22.476
atwater,0.37
auburn,2.838
avalon,65.9
avenal,0.1
azusa,9.168
bakersfield,0.624
baldwin-park,12.002
banning,3.743
barstow,1.649
beaumont,1.582
bell,41.423
bell-gardens,38.707
bellflower,32.151
belmont,31.996
belvedere,69.5
benicia,26.804
berkeley,55.446
beverly-hills,25.631
big-bear-lake,17.367
biggs,1.5
bishop,32.9
blue-lake,47.3
blythe,0.972
bradbury,7.8
brawley,0.487
brea,6.084
brentwood,2.742
brisbane,83.4
buellton,49.1
buena-park,32.187
burbank,6.445
burlingame,60.535
calabasas,3.169
calexico,0.508
california-city,2.617
calimesa,2.9
calipatria,3.3
calistoga,10.7
camarillo,33.888
campbell,41.02
canyon-lake,0.326
capitola,78.266
carlsbad,23.652
carmel-by-the-sea,71.013
carpinteria,24.03
carson,42.686
cathedral-city,0.46
ceres,0.28
cerritos,26.0
chico,1.762
chino,1.237
chino-hills,0.56
chowchilla,1.472
chula-vista,26.271
citrus-heights,0.134
claremont,1.426
clayton,3.916
clearlake,8.716
cloverdale,19.492
clovis,0.258
coachella,0.77
coalinga,0.717
colfax,8.4
colma,82.0
colton,5.599
colusa,0.587
commerce,30.372
compton,36.586
concord,23.411
corcoran,0.568
corning,0.9
corona,0.5
coronado,44.642
corte-madera,55.187
costa-mesa,33.792
cotati,64.96
covina,7.111
crescent-city,78.7
cudahy,39.663
culver-city,39.503
cupertino,30.766
cypress,26.777
daly-city,81.142
dana-point,39.678
danville,8.774
davis,0.306
del-mar,38.958
del-rey-oaks,71.4
delano,0.693
desert-hot-springs,1.033
diamond-bar,0.735
dinuba,0.529
dixon,1.663
dorris,50.9
dos-palos,0.678
downey,28.221
duarte,10.874
dublin,8.635
dunsmuir,53.8
east-palo-alto,40.093
eastvale,0.044
el-cajon,19.356
el-centro,0.74
el-cerrito,43.029
el-monte,18.329
el-paso-de-robles-paso-robles,7.072
el-segundo,37.905
elk-grove,0.009
emeryville,59.549
encinitas,33.497
escalon,0.314
escondido,15.83
etna,49.5
eureka,76.077
exeter,0.594
fairfax,55.573
fairfield,8.371
farmersville,0.8
ferndale,46.9
fillmore,20.098
firebaugh,0.279
folsom,0.034
fontana,0.659
fort-bragg,72.388
fort-jones,50.3
fortuna,72.779
foster-city,43.189
fountain-valley,28.537
fowler,1.0
fremont,22.578
fresno,1.062
fullerton,21.34
galt,0.071
garden-grove,36.884
gardena,35.099
gilroy,37.056
glendale,6.591
glendora,5.594
goleta,61.03
gonzales,39.6
grand-terrace,4.654
grass-valley,8.569
greenfield,1.054
gridley,0.9
grover-beach,71.76
guadalupe,74.6
gustine,0.6
half-moon-bay,81.358
hanford,0.438
hawaiian-gardens,38.775
hawthorne,34.621
hayward,42.338
healdsburg,33.016
hemet,2.49
hercules,33.134
hermosa-beach,51.789
hesperia,1.482
hidden-hills,0.3
highland,4.121
hillsborough,33.047
hollister,24.767
holtville,0.4
hughson,0.368
huntington-beach,29.512
huntington-park,37.583
huron,0.6
imperial,0.0
imperial-beach,55.158
indian-wells,0.493
indio,0.708
industry,26.5
inglewood,35.173
ione,0.5
irvine,9.003
irwindale,5.4
isleton,0.7
jackson,1.4
jurupa-valley,0.752
kerman,1.257
king-city,0.886
kingsburg,0.475
la-ca-ada-flintridge,1.485
la-habra,13.219
la-habra-heights,3.259
la-mesa,17.453
la-mirada,18.245
la-palma,30.369
la-puente,12.209
la-quinta,0.58
la-verne,1.185
lafayette,11.979
laguna-beach,30.337
laguna-hills,22.454
laguna-niguel,20.885
laguna-woods,32.551
lake-elsinore,0.524
lake-forest,7.043
lakeport,1.357
lakewood,36.878
lancaster,0.37
larkspur,60.875
lathrop,0.031
lawndale,35.39
lemon-grove,21.503
lemoore,0.28
lincoln,0.397
lindsay,0.797
live-oak,0.4
livermore,3.77
livingston,0.2
lodi,0.515
loma-linda,4.052
lomita,47.66
lompoc,82.795
long-beach,44.329
loomis,0.484
los-alamitos,29.329
los-altos,26.609
los-altos-hills,39.024
los-angeles,19.545
los-banos,0.389
los-gatos,25.24
loyalton,44.4
lynwood,38.167
madera,1.594
malibu,34.842
mammoth-lakes,58.528
manhattan-beach,26.14
manteca,0.221
maricopa,2.1
marina,76.096
martinez,21.055
marysville,1.916
maywood,39.328
mcfarland,0.586
mendota,0.609
menifee,0.539
menlo-park,37.654
merced,0.341
mill-valley,53.645
millbrae,81.01
milpitas,19.819
mission-viejo,12.002
modesto,0.422
monrovia,12.29
montague,46.7
montclair,2.06
monte-sereno,11.6
montebello,20.935
monterey,73.855
monterey-park,12.827
moorpark,6.506
moraga,20.555
moreno-valley,2.378
morgan-hill,33.011
morro-bay,50.277
mount-shasta,24.1
mountain-view,34.733
murrieta,0.517
napa,23.512
national-city,42.916
needles,1.3
nevada-city,9.2
newark,18.135
newman,0.147
newport-beach,30.907
norco,0.483
norwalk,24.998
novato,53.982
oakdale,0.32
oakland,61.822
oakley,3.053
oceanside,29.604
ojai,11.5
ontario,1.467
orange,15.244
orange-cove,0.987
orinda,14.333
orland,0.563
oroville,2.491
oxnard,53.811
pacific-grove,74.23
pacifica,79.988
palm-desert,0.757
palm-springs,0.64
palmdale,2.886
palo-alto,52.04
palos-verdes-estates,32.413
paradise,9.807
paramount,34.183
parlier,0.502
pasadena,5.051
patterson,0.269
perris,0.52
petaluma,54.101
pico-rivera,22.731
piedmont,47.719
pinole,41.778
pismo-beach,57.772
pittsburg,16.194
placentia,11.626
placerville,7.0
pleasant-hill,20.838
pleasanton,11.324
plymouth,7.8
point-arena,74.8
pomona,1.879
port-hueneme,57.036
porterville,0.861
portola,41.7
portola-valley,20.5
poway,6.804
rancho-cordova,0.118
rancho-cucamonga,0.63
rancho-mirage,0.292
rancho-palos-verdes,27.537
rancho-santa-margarita,0.317
red-bluff,1.024
redding,2.171
redlands,4.486
redondo-beach,46.818
redwood-city,44.701
reedley,0.503
rialto,1.927
richmond,46.786
ridgecrest,1.958
rio-dell,54.2
rio-vista,3.755
ripon,0.2
riverbank,0.254
riverside,1.443
rocklin,0.583
rohnert-park,62.738
rolling-hills,5.7
rolling-hills-estates,19.325
rosemead,17.011
roseville,0.882
ross,43.3
sacramento,0.108
salinas,61.772
san-anselmo,59.823
san-bernardino,4.662
san-bruno,81.643
san-buenaventura-ventura,50.633
san-carlos,37.276
san-clemente,19.95
san-diego,31.855
san-dimas,1.379
san-fernando,2.635
san-francisco,65.399
san-gabriel,10.743
san-jacinto,1.599
san-joaquin,1.5
san-jose,32.795
san-juan-bautista,42.0
san-juan-capistrano,32.521
san-leandro,62.55
san-luis-obispo,57.4
san-marcos,11.438
san-marino,2.52
san-mateo,48.477
san-pablo,51.389
san-rafael,60.631
san-ramon,8.644
sand-city,73.4
sanger,0.348
santa-ana,35.162
santa-barbara,48.389
santa-clara,42.009
santa-clarita,1.019
santa-cruz,75.567
santa-fe-springs,19.97
santa-maria,67.084
santa-monica,36.566
santa-paula,40.887
santa-rosa,30.645
santee,11.333
saratoga,19.39
sausalito,83.892
scotts-valley,49.3
seal-beach,32.483
seaside,71.433
sebastopol,44.049
selma,0.85
shafter,0.753
shasta-lake,5.703
sierra-madre,4.507
signal-hill,40.868
simi-valley,2.199
solana-beach,32.949
soledad,2.595
solvang,56.5
sonoma,49.824
sonora,2.648
south-el-monte,21.909
south-gate,38.617
south-lake-tahoe,36.004
south-pasadena,7.757
south-san-francisco,82.419
st-helena,8.96
stanton,38.241
stockton,0.579
suisun-city,4.055
sunnyvale,36.884
susanville,28.458
sutter-creek,5.7
taft,0.3
tehachapi,3.067
tehama,5.1
temecula,0.458
temple-city,8.119
thousand-oaks,4.256
tiburon,59.494
torrance,44.804
tracy,0.498
trinidad,39.3
truckee,45.022
tulare,0.879
tulelake,51.1
turlock,0.485
tustin,16.867
twentynine-palms,0.684
ukiah,21.958
union-city,20.03
upland,2.251
vacaville,5.393
vallejo,36.436
vernon,37.1
victorville,1.41
villa-park,3.605
visalia,0.67
vista,25.585
walnut,0.437
walnut-creek,18.909
wasco,1.212
waterford,0.3
watsonville,48.537
weed,44.2
west-covina,6.608
west-hollywood,25.756
west-sacramento,0.147
westlake-village,2.1
westminster,35.883
westmorland,1.1
wheatland,1.4
whittier,17.604
wildomar,0.921
williams,0.3
willits,26.7
willows,0.5
windsor,20.877
winters,0.514
woodlake,1.104
woodland,0.364
woodside,10.9
yorba-linda,1.311
yountville,21.3
yreka,16.389
yuba-city,0.286
yucaipa,4.98
yucca-valley,2.802
unincorporated-sierra-county,44.4
unincorporated-sacramento-county,0.126
unincorporated-santa-barbara-county,46.134
unincorporated-calaveras-county,11.474
unincorporated-ventura-county,21.053
unincorporated-los-angeles-county,18.329
unincorporated-sonoma-county,42.638
unincorporated-kings-county,0.469
unincorporated-san-diego-county,12.304
unincorporated-placer-county,8.376
unincorporated-san-francisco-county,
unincorporated-marin-county,58.32
unincorporated-mariposa-county,16.001
unincorporated-lassen-county,45.48
unincorporated-napa-county,17.348
unincorporated-shasta-county,14.414
unincorporated-monterey-county,51.647
unincorporated-trinity-county,38.966
unincorporated-mendocino-county,47.375
unincorporated-inyo-county,30.614
unincorporated-mono-county,50.889
unincorporated-tuolumne-county,12.097
unincorporated-solano-county,9.054
unincorporated-san-bernardino-county,5.13
unincorporated-contra-costa-county,22.305
unincorporated-alpine-county,53.5
unincorporated-el-dorado-county,9.053
unincorporated-yolo-county,0.397
unincorporated-yuba-county,2.397
unincorporated-san-benito-county,20.823
unincorporated-humboldt-county,56.987
unincorporated-riverside-county,1.24
unincorporated-kern-county,2.627
unincorporated-colusa-county,2.114
unincorporated-del-norte-county,58.812
unincorporated-modoc-county,40.148
unincorporated-fresno-county,1.742
unincorporated-madera-county,8.099
unincorporated-santa-clara-county,32.8
unincorporated-tehama-county,5.485
unincorporated-san-joaquin-county,0.582
unincorporated-alameda-county,37.748
unincorporated-nevada-county,10.295
unincorporated-butte-county,3.243
unincorporated-merced-county,0.454
unincorporated-tulare-county,1.668
unincorporated-stanislaus-county,0.452
unincorporated-orange-county,9.462
unincorporated-imperial-county,0.724
unincorporated-sutter-county,0.302
unincorporated-amador-county,10.219
unincorporated-lake-county,8.086
unincorporated-plumas-county,44.605
unincorporated-san-mateo-county,52.623
unincorporated-siskiyou-county,42.115
unincorporated-santa-cruz-county,59.299
unincorporated-glenn-county,1.441
unincorporated-san-luis-obispo-county,44.814
