Jurisdiction,Planning Period,6th Cycle Started,VLI UNITS,RHNA VLI,VLI %,LI UNITS,RHNA LI,LI %,MOD UNITS,RHNA MOD,MOD %,ABOVE MOD UNITS,RHNA ABOVE MOD,ABOVE MOD %
ALPINE COUNTY,08/31/2019 - 06/30/2024,TRUE,0,1,0.00,0,1,0.00,2,0,0.00,33,0,0.00
ADELANTO,10/15/2021 - 10/15/2029,TRUE,0,394,0.00,12,566,0.02,1,651,0.00,157,2152,0.07
ALHAMBRA,10/15/2021 - 10/15/2029,TRUE,21,1774,0.01,26,1036,0.03,1,1079,0.00,636,2936,0.22
AGOURA HILLS,10/15/2021 - 10/15/2029,TRUE,44,127,0.35,10,72,0.14,6,55,0.11,277,64,4.33
ANDERSON,04/15/2020 - 04/15/2028,TRUE,0,54,0.00,0,37,0.00,0,41,0.00,79,109,0.72
ALAMEDA,01/31/2023 - 01/31/2031,TRUE,155,1421,0.11,47,818,0.06,55,868,0.06,192,2246,0.09
AMADOR,09/15/2021 - 09/15/2029,TRUE,0,1,0.00,0,1,0.00,0,1,0.00,3,2,1.50
BALDWIN PARK,10/15/2021 - 10/15/2029,TRUE,0,576,0.00,91,275,0.33,0,263,0.00,319,887,0.36
ARROYO GRANDE,12/31/2020 - 12/31/2028,TRUE,0,170,0.00,97,107,0.91,36,124,0.29,41,291,0.14
APPLE VALLEY,10/15/2021 - 10/15/2029,TRUE,3,1086,0.00,6,600,0.01,153,747,0.20,126,1857,0.07
BELLFLOWER,10/15/2021 - 10/15/2029,TRUE,0,1015,0.00,0,488,0.00,0,553,0.00,127,1679,0.08
ANGELS CAMP,06/15/2019 - 06/15/2027,TRUE,0,57,0.00,0,42,0.00,0,38,0.00,11,107,0.10
ALAMEDA COUNTY,01/31/2023 - 01/31/2031,TRUE,171,1251,0.14,177,721,0.25,97,763,0.13,214,1958,0.11
BELVEDERE,01/31/2023 - 01/31/2031,TRUE,13,49,0.27,3,28,0.11,12,23,0.52,5,60,0.08
ALISO VIEJO,10/15/2021 - 10/15/2029,TRUE,0,390,0.00,0,214,0.00,1,205,0.00,2,386,0.01
AMERICAN CANYON,01/31/2023 - 01/31/2031,TRUE,11,169,0.07,5,109,0.05,2,95,0.02,487,249,1.96
ALBANY,01/31/2023 - 01/31/2031,TRUE,28,308,0.09,17,178,0.10,16,175,0.09,190,453,0.42
AVENAL,01/31/2024 - 01/31/2032,TRUE,0,48,0.00,0,37,0.00,0,55,0.00,5,137,0.04
BISHOP,04/30/2021 - 04/30/2029,TRUE,0,24,0.00,12,20,0.60,11,21,0.52,16,53,0.30
BARSTOW,10/15/2021 - 10/15/2029,TRUE,0,172,0.00,0,228,0.00,0,300,0.00,12,820,0.01
BRAWLEY,10/15/2021 - 10/15/2029,TRUE,0,399,0.00,80,210,0.38,32,202,0.16,46,615,0.07
BRADBURY,10/15/2021 - 10/15/2029,TRUE,0,16,0.00,0,9,0.00,0,9,0.00,11,7,1.57
BIGGS,06/15/2022 - 06/15/2030,TRUE,0,36,0.00,0,1,0.00,0,12,0.00,0,32,0.00
ANAHEIM,10/15/2021 - 10/15/2029,TRUE,467,3767,0.12,367,2397,0.15,302,2945,0.10,1599,8344,0.19
ATWATER,01/31/2024 - 01/31/2032,TRUE,0,768,0.00,0,526,0.00,0,508,0.00,15,1215,0.01
BURBANK,10/15/2021 - 10/15/2029,TRUE,182,2553,0.07,377,1418,0.27,154,1409,0.11,998,3392,0.29
BERKELEY,01/31/2023 - 01/31/2031,TRUE,209,2446,0.09,213,1408,0.15,105,1416,0.07,1081,3664,0.30
BLYTHE,10/15/2021 - 10/15/2029,TRUE,0,82,0.00,0,71,0.00,1,96,0.01,6,245,0.02
ANTIOCH,01/31/2023 - 01/31/2031,TRUE,40,792,0.05,40,456,0.09,38,493,0.08,797,1275,0.63
CALAVERAS COUNTY,06/15/2019 - 06/15/2027,TRUE,19,268,0.07,35,178,0.20,192,168,1.14,287,482,0.60
BRISBANE,01/31/2023 - 01/31/2031,TRUE,6,317,0.02,4,183,0.02,4,303,0.01,3,785,0.00
ARVIN,12/31/2023 - 12/31/2031,TRUE,0,124,0.00,0,79,0.00,5,268,0.02,34,703,0.05
AMADOR COUNTY,09/15/2021 - 09/15/2029,TRUE,7,109,0.06,21,62,0.34,72,72,1.00,95,134,0.71
CALEXICO,10/15/2021 - 10/15/2029,TRUE,0,1279,0.00,250,655,0.38,52,614,0.08,13,2320,0.01
BREA,10/15/2021 - 10/15/2029,TRUE,0,669,0.00,0,393,0.00,3,403,0.01,61,900,0.07
ARCADIA,10/15/2021 - 10/15/2029,TRUE,26,1102,0.02,0,570,0.00,0,605,0.00,820,937,0.88
CERRITOS,10/15/2021 - 10/15/2029,TRUE,10,679,0.01,0,345,0.00,9,332,0.03,21,552,0.04
BRENTWOOD,01/31/2023 - 01/31/2031,TRUE,20,402,0.05,20,232,0.09,25,247,0.10,245,641,0.38
CALABASAS,10/15/2021 - 10/15/2029,TRUE,18,132,0.14,4,71,0.06,6,70,0.09,107,81,1.32
ARCATA,08/31/2019 - 08/31/2027,TRUE,167,142,1.18,84,95,0.88,145,111,1.31,137,262,0.52
CANYON LAKE,10/15/2021 - 10/15/2029,TRUE,0,43,0.00,0,24,0.00,0,24,0.00,16,38,0.42
BUELLTON,02/15/2023 - 02/15/2031,TRUE,140,55,2.55,45,37,1.22,9,30,0.30,7,43,0.16
AVALON,10/15/2021 - 10/15/2029,TRUE,0,8,0.00,0,5,0.00,0,3,0.00,15,11,1.36
ARTESIA,10/15/2021 - 10/15/2029,TRUE,0,312,0.00,0,168,0.00,32,128,0.25,109,461,0.24
CARSON,10/15/2021 - 10/15/2029,TRUE,0,1770,0.00,0,913,0.00,0,875,0.00,252,2060,0.12
BEAUMONT,10/15/2021 - 10/15/2029,TRUE,0,1229,0.00,0,721,0.00,0,723,0.00,1227,1537,0.80
BELMONT,01/31/2023 - 01/31/2031,TRUE,80,488,0.16,98,281,0.35,25,283,0.09,16,733,0.02
CALIPATRIA,10/15/2021 - 10/15/2029,TRUE,0,36,0.00,8,21,0.38,4,16,0.25,0,78,0.00
BELL,10/15/2021 - 10/15/2029,TRUE,0,43,0.00,22,24,0.92,0,29,0.00,25,133,0.19
AUBURN,05/15/2021 - 05/15/2029,TRUE,0,68,0.00,0,41,0.00,14,60,0.23,71,141,0.50
CLEARLAKE,08/15/2019 - 08/15/2027,TRUE,0,97,0.00,116,65,1.78,7,72,0.10,12,200,0.06
BELL GARDENS,10/15/2021 - 10/15/2029,TRUE,0,100,0.00,0,29,0.00,0,72,0.00,166,302,0.55
CALISTOGA,01/31/2023 - 01/31/2031,TRUE,2,31,0.06,2,19,0.11,0,19,0.00,56,50,1.12
AZUSA,10/15/2021 - 10/15/2029,TRUE,0,760,0.00,0,368,0.00,0,382,0.00,151,1141,0.13
BENICIA,01/31/2023 - 01/31/2031,TRUE,2,212,0.01,2,127,0.02,1,123,0.01,28,288,0.10
CAMPBELL,01/31/2023 - 01/31/2031,TRUE,42,752,0.06,43,434,0.10,43,499,0.09,132,1292,0.10
COACHELLA,10/15/2021 - 10/15/2029,TRUE,43,1033,0.04,413,999,0.41,0,1367,0.00,454,4487,0.10
BEVERLY HILLS,10/15/2021 - 10/15/2029,TRUE,10,1008,0.01,23,680,0.03,5,602,0.01,257,814,0.32
CHOWCHILLA,01/31/2024 - 01/31/2032,TRUE,1,364,0.00,84,306,0.27,34,275,0.12,52,785,0.07
COMMERCE,10/15/2021 - 10/15/2029,TRUE,0,55,0.00,3,22,0.14,2,39,0.05,3,131,0.02
CARLSBAD,04/30/2021 - 04/30/2029,TRUE,65,1311,0.05,198,784,0.25,293,749,0.39,991,1029,0.96
COLMA,01/31/2023 - 01/31/2031,TRUE,0,44,0.00,1,25,0.04,0,37,0.00,0,96,0.00
COVINA,10/15/2021 - 10/15/2029,TRUE,61,614,0.10,52,268,0.19,172,281,0.61,325,747,0.44
COTATI,01/31/2023 - 01/31/2031,TRUE,2,60,0.03,3,34,0.09,1,39,0.03,9,101,0.09
CUDAHY,10/15/2021 - 10/15/2029,TRUE,140,80,1.75,0,36,0.00,0,53,0.00,112,224,0.50
CITRUS HEIGHTS,05/15/2021 - 05/15/2029,TRUE,150,132,1.14,238,79,3.01,14,144,0.10,353,342,1.03
CULVER CITY,10/15/2021 - 10/15/2029,TRUE,73,1108,0.07,1,604,0.00,2,560,0.00,353,1069,0.33
CRESCENT CITY,09/15/2022 - 09/15/2030,TRUE,70,39,1.79,90,22,4.09,0,27,0.00,61,101,0.60
DEL MAR,04/30/2021 - 04/30/2029,TRUE,0,37,0.00,0,64,0.00,66,31,2.13,45,31,1.45
CATHEDRAL,10/15/2021 - 10/15/2029,TRUE,15,540,0.03,42,353,0.12,23,457,0.05,433,1199,0.36
CLAREMONT,10/15/2021 - 10/15/2029,TRUE,63,556,0.11,62,310,0.20,23,297,0.08,118,548,0.22
CUPERTINO,01/31/2023 - 01/31/2031,TRUE,41,1193,0.03,41,687,0.06,42,755,0.06,135,1953,0.07
DIXON,01/31/2023 - 01/31/2031,TRUE,28,113,0.25,140,62,2.26,1,62,0.02,630,179,3.52
CERES,12/31/2023 - 12/31/2031,TRUE,0,706,0.00,0,489,0.00,0,661,0.00,64,1505,0.04
CLAYTON,01/31/2023 - 01/31/2031,TRUE,2,170,0.01,2,97,0.02,1,84,0.01,6,219,0.03
CYPRESS,10/15/2021 - 10/15/2029,TRUE,21,1150,0.02,7,657,0.01,46,623,0.07,489,1506,0.32
DOS PALOS,01/31/2024 - 01/31/2032,TRUE,0,56,0.00,0,39,0.00,0,49,0.00,0,117,0.00
BAKERSFIELD,12/31/2023 - 12/31/2031,TRUE,96,11129,0.01,148,7082,0.02,6,5317,0.00,3608,13933,0.26
COLUSA,12/31/2020 - 12/31/2028,TRUE,76,76,1.00,20,64,0.31,80,79,1.01,7,160,0.04
CLOVERDALE,01/31/2023 - 01/31/2031,TRUE,54,86,0.63,44,55,0.80,3,45,0.07,29,149,0.19
DELANO,12/31/2023 - 12/31/2031,TRUE,0,324,0.00,0,206,0.00,0,369,0.00,215,967,0.22
BANNING,10/15/2021 - 10/15/2029,TRUE,0,317,0.00,0,193,0.00,0,280,0.00,279,883,0.32
CHINO HILLS,10/15/2021 - 10/15/2029,TRUE,12,1388,0.01,21,821,0.03,24,789,0.03,263,731,0.36
DORRIS,11/15/2022 - 11/15/2030,TRUE,0,1,0.00,0,1,0.00,0,0,0.00,0,0,0.00
DANA POINT,10/15/2021 - 10/15/2029,TRUE,0,147,0.00,13,84,0.15,3,101,0.03,108,198,0.55
EUREKA,08/31/2019 - 08/31/2027,TRUE,53,231,0.23,117,147,0.80,33,172,0.19,123,402,0.31
DANVILLE,01/31/2023 - 01/31/2031,TRUE,26,652,0.04,26,376,0.07,11,338,0.03,223,875,0.25
COALINGA,12/31/2023 - 12/31/2031,TRUE,0,157,0.00,1,96,0.01,0,89,0.00,0,224,0.00
EXETER,12/31/2023 - 12/31/2031,TRUE,0,197,0.00,2,121,0.02,0,146,0.00,36,380,0.09
COLFAX,05/15/2021 - 05/15/2029,TRUE,0,17,0.00,0,11,0.00,5,21,0.24,9,48,0.19
EASTVALE,10/15/2021 - 10/15/2029,TRUE,10,1145,0.01,0,672,0.00,3,635,0.00,906,576,1.57
FOLSOM,05/15/2021 - 05/15/2029,TRUE,209,2226,0.09,352,1341,0.26,816,829,0.98,3858,1967,1.96
COSTA MESA,10/15/2021 - 10/15/2029,TRUE,231,2919,0.08,176,1794,0.10,70,2088,0.03,83,4959,0.02
BIG BEAR LAKE,10/15/2021 - 10/15/2029,TRUE,0,50,0.00,0,33,0.00,0,37,0.00,65,92,0.71
ESCALON,12/31/2023 - 12/31/2031,TRUE,0,90,0.00,3,56,0.05,0,66,0.00,1,155,0.01
COLTON,10/15/2021 - 10/15/2029,TRUE,0,1318,0.00,0,668,0.00,42,906,0.05,155,2542,0.06
DEL NORTE COUNTY,09/15/2022 - 09/15/2030,TRUE,16,102,0.16,20,75,0.27,82,55,1.49,84,154,0.55
BLUE LAKE,08/31/2019 - 08/31/2027,TRUE,0,7,0.00,0,4,0.00,0,5,0.00,9,7,1.29
EL DORADO COUNTY,05/15/2021 - 05/15/2029,TRUE,187,1441,0.13,221,868,0.25,173,903,0.19,2385,2141,1.11
FOWLER,12/31/2023 - 12/31/2031,TRUE,0,94,0.00,1,57,0.02,14,47,0.30,171,141,1.21
DINUBA,12/31/2023 - 12/31/2031,TRUE,4,387,0.01,5,238,0.02,20,268,0.07,160,695,0.23
HERMOSA BEACH,10/15/2021 - 10/15/2029,TRUE,0,232,0.00,0,127,0.00,0,106,0.00,105,93,1.13
FRESNO,12/31/2023 - 12/31/2031,TRUE,170,9440,0.02,153,5884,0.03,274,5638,0.05,2755,15904,0.17
EAST PALO ALTO,01/31/2023 - 01/31/2031,TRUE,25,165,0.15,19,95,0.20,19,159,0.12,17,410,0.04
EL MONTE,10/15/2021 - 10/15/2029,TRUE,50,1797,0.03,46,853,0.05,1,1233,0.00,539,4619,0.12
BURLINGAME,01/31/2023 - 01/31/2031,TRUE,121,863,0.14,79,497,0.16,39,529,0.07,718,1368,0.52
GARDENA,10/15/2021 - 10/15/2029,TRUE,7,1485,0.00,2,761,0.00,0,894,0.00,854,2595,0.33
FARMERSVILLE,12/31/2023 - 12/31/2031,TRUE,1,135,0.01,1,83,0.01,0,121,0.00,3,315,0.01
COMPTON,10/15/2021 - 10/15/2029,TRUE,0,235,0.00,0,121,0.00,0,131,0.00,182,517,0.35
ELK GROVE,05/15/2021 - 05/15/2029,TRUE,302,2661,0.11,754,1604,0.47,4,1186,0.00,4571,2812,1.63
HAWAIIAN GARDENS,10/15/2021 - 10/15/2029,TRUE,0,61,0.00,0,44,0.00,0,46,0.00,34,180,0.19
FOSTER CITY,01/31/2023 - 01/31/2031,TRUE,10,520,0.02,21,299,0.07,5,300,0.02,2,777,0.00
FORT JONES,11/15/2022 - 11/15/2030,TRUE,0,1,0.00,0,1,0.00,1,0,0.00,0,0,0.00
FORTUNA,08/31/2019 - 08/31/2027,TRUE,0,73,0.00,9,46,0.20,71,51,1.39,109,120,0.91
DAVIS,05/15/2021 - 05/15/2029,TRUE,28,580,0.05,2,350,0.01,530,340,1.56,411,805,0.51
EMERYVILLE,01/31/2023 - 01/31/2031,TRUE,55,451,0.12,39,259,0.15,3,308,0.01,33,797,0.04
HERCULES,01/31/2023 - 01/31/2031,TRUE,1,344,0.00,2,198,0.01,1,126,0.01,19,327,0.06
CALIFORNIA CITY,12/31/2023 - 12/31/2031,TRUE,0,39,0.00,51,25,2.04,79,100,0.79,134,263,0.51
GRAND TERRACE,10/15/2021 - 10/15/2029,TRUE,0,189,0.00,0,92,0.00,0,106,0.00,6,243,0.02
DESERT HOT SPRINGS,10/15/2021 - 10/15/2029,TRUE,0,569,0.00,20,535,0.04,457,688,0.66,215,2081,0.10
CAPITOLA,12/15/2023 - 12/15/2031,TRUE,31,430,0.07,15,282,0.05,3,169,0.02,11,455,0.02
HIGHLAND,10/15/2021 - 10/15/2029,TRUE,76,619,0.12,47,409,0.11,309,471,0.66,166,1014,0.16
DIAMOND BAR,10/15/2021 - 10/15/2029,TRUE,55,844,0.07,85,434,0.20,8,437,0.02,25,806,0.03
FOUNTAIN VALLEY,10/15/2021 - 10/15/2029,TRUE,107,1307,0.08,150,786,0.19,42,834,0.05,371,1912,0.19
HEALDSBURG,01/31/2023 - 01/31/2031,TRUE,83,190,0.44,49,109,0.45,10,49,0.20,67,128,0.52
HURON,12/31/2023 - 12/31/2031,TRUE,0,45,0.00,0,45,0.00,0,55,0.00,1,174,0.01
INGLEWOOD,10/15/2021 - 10/15/2029,TRUE,7,1813,0.00,0,955,0.00,0,1112,0.00,412,3559,0.12
FULLERTON,10/15/2021 - 10/15/2029,TRUE,222,3198,0.07,171,1989,0.09,78,2271,0.03,814,5751,0.14
INDUSTRY,10/15/2021 - 10/15/2029,TRUE,0,6,0.00,0,4,0.00,0,2,0.00,0,5,0.00
JACKSON,09/15/2021 - 09/15/2029,TRUE,0,27,0.00,0,23,0.00,4,24,0.17,14,64,0.22
DOWNEY,10/15/2021 - 10/15/2029,TRUE,12,2079,0.01,65,946,0.07,6,915,0.01,626,2585,0.24
LAGUNA BEACH,10/15/2021 - 10/15/2029,TRUE,0,118,0.00,0,80,0.00,43,79,0.54,361,117,3.09
LA HABRA,10/15/2021 - 10/15/2029,TRUE,6,192,0.03,136,116,1.17,20,130,0.15,140,366,0.38
DUARTE,10/15/2021 - 10/15/2029,TRUE,13,269,0.05,55,145,0.38,11,137,0.08,311,337,0.92
LAKE FOREST,10/15/2021 - 10/15/2029,TRUE,86,956,0.09,112,543,0.21,3,559,0.01,587,1178,0.50
LINDSAY,12/31/2023 - 12/31/2031,TRUE,3,93,0.03,5,58,0.09,0,178,0.00,8,460,0.02
EL CAJON,04/30/2021 - 04/30/2029,TRUE,0,481,0.00,281,414,0.68,154,518,0.30,350,1867,0.19
LATHROP,12/31/2023 - 12/31/2031,TRUE,0,2386,0.00,0,1498,0.00,0,1342,0.00,1553,3176,0.49
CARPINTERIA,02/15/2023 - 02/15/2031,TRUE,4,286,0.01,7,132,0.05,0,135,0.00,61,348,0.18
FONTANA,10/15/2021 - 10/15/2029,TRUE,4,5109,0.00,4,2950,0.00,0,3035,0.00,4042,6425,0.63
LIVE OAK,05/15/2021 - 05/15/2029,TRUE,0,73,0.00,0,44,0.00,0,87,0.00,78,208,0.38
ETNA,11/15/2022 - 11/15/2030,TRUE,0,1,0.00,0,1,0.00,0,0,0.00,0,0,0.00
IMPERIAL,10/15/2021 - 10/15/2029,TRUE,0,704,0.00,108,346,0.31,26,294,0.09,154,257,0.60
FORT BRAGG,08/15/2019 - 08/15/2027,TRUE,27,60,0.45,52,31,1.68,52,23,2.26,21,23,0.91
FERNDALE,08/31/2019 - 08/31/2027,TRUE,0,9,0.00,6,5,1.20,9,6,1.50,11,13,0.85
GLENN COUNTY,11/30/2021 - 11/30/2029,TRUE,0,75,0.00,4,30,0.13,15,36,0.42,23,88,0.26
IONE,09/15/2021 - 09/15/2029,TRUE,0,30,0.00,0,20,0.00,0,25,0.00,107,42,2.55
GILROY,01/31/2023 - 01/31/2031,TRUE,33,669,0.05,32,385,0.08,32,200,0.16,309,519,0.60
LEMON GROVE,04/30/2021 - 04/30/2029,TRUE,0,295,0.00,23,166,0.14,0,193,0.00,326,705,0.46
GALT,05/15/2021 - 05/15/2029,TRUE,0,404,0.00,13,243,0.05,0,379,0.00,852,900,0.95
CHINO,10/15/2021 - 10/15/2029,TRUE,0,2113,0.00,10,1284,0.01,23,1203,0.02,1585,2378,0.67
LOMPOC,02/15/2023 - 02/15/2031,TRUE,3,166,0.02,31,262,0.12,34,311,0.11,136,1509,0.09
GLENDALE,10/15/2021 - 10/15/2029,TRUE,241,3439,0.07,341,2163,0.16,0,2249,0.00,1551,5574,0.28
LYNWOOD,10/15/2021 - 10/15/2029,TRUE,0,377,0.00,66,139,0.47,265,235,1.13,114,807,0.14
CHULA VISTA,04/30/2021 - 04/30/2029,TRUE,130,2750,0.05,377,1777,0.21,768,1911,0.40,4888,4667,1.05
GREENFIELD,12/15/2023 - 12/15/2031,TRUE,0,101,0.00,0,66,0.00,61,184,0.33,14,379,0.04
GONZALES,12/15/2023 - 12/15/2031,TRUE,0,173,0.00,0,115,0.00,0,321,0.00,19,657,0.03
GRASS VALLEY,08/15/2019 - 08/15/2027,TRUE,33,143,0.23,51,126,0.40,15,125,0.12,95,349,0.27
CLOVIS,12/31/2023 - 12/31/2031,TRUE,13,2926,0.00,13,1549,0.01,49,1448,0.03,1176,3054,0.39
HANFORD,01/31/2024 - 01/31/2032,TRUE,5,1369,0.00,9,993,0.01,149,1066,0.14,438,2119,0.21
GROVER BEACH,12/31/2020 - 12/31/2028,TRUE,35,91,0.38,56,57,0.98,17,66,0.26,189,155,1.22
GUSTINE,01/31/2024 - 01/31/2032,TRUE,0,77,0.00,5,53,0.09,0,64,0.00,0,152,0.00
HUNTINGTON PARK,10/15/2021 - 10/15/2029,TRUE,0,264,0.00,36,196,0.18,35,243,0.14,0,902,0.00
MARIPOSA COUNTY,08/31/2019 - 06/30/2024,TRUE,0,51,0.00,1,26,0.04,0,37,0.00,182,81,2.25
HAYWARD,01/31/2023 - 01/31/2031,TRUE,156,1075,0.15,175,617,0.28,184,817,0.23,291,2115,0.14
IRWINDALE,10/15/2021 - 10/15/2029,TRUE,0,36,0.00,0,11,0.00,0,17,0.00,1,55,0.02
HEMET,10/15/2021 - 10/15/2029,TRUE,0,812,0.00,0,732,0.00,59,1174,0.05,1031,3748,0.28
MISSION VIEJO,10/15/2021 - 10/15/2029,TRUE,10,674,0.01,31,401,0.08,5,397,0.01,111,745,0.15
KERN COUNTY,12/31/2023 - 12/31/2031,TRUE,0,1551,0.00,166,987,0.17,371,1852,0.20,614,4852,0.13
HESPERIA,10/15/2021 - 10/15/2029,TRUE,0,1921,0.00,0,1231,0.00,66,1409,0.05,1135,3594,0.32
LOS BANOS,01/31/2024 - 01/31/2032,TRUE,0,719,0.00,11,493,0.02,51,566,0.09,389,1354,0.29
MONO COUNTY,08/15/2019 - 08/15/2027,TRUE,18,13,1.38,12,16,0.75,26,21,1.24,43,35,1.23
HILLSBOROUGH,01/31/2023 - 01/31/2031,TRUE,27,155,0.17,19,89,0.21,20,87,0.23,29,223,0.13
HIDDEN HILLS,10/15/2021 - 10/15/2029,TRUE,8,17,0.47,0,8,0.00,0,9,0.00,33,6,5.50
LOS GATOS,01/31/2023 - 01/31/2031,TRUE,43,537,0.08,36,310,0.12,36,320,0.11,57,826,0.07
MONTCLAIR,10/15/2021 - 10/15/2029,TRUE,0,698,0.00,0,383,0.00,0,399,0.00,860,1113,0.77
KINGSBURG,12/31/2023 - 12/31/2031,TRUE,0,248,0.00,0,161,0.00,1,150,0.01,73,323,0.23
MALIBU,10/15/2021 - 10/15/2029,TRUE,0,28,0.00,0,19,0.00,0,17,0.00,138,15,9.20
LA HABRA HEIGHTS,10/15/2021 - 10/15/2029,TRUE,5,78,0.06,0,35,0.00,0,31,0.00,4,28,0.14
LA CANADA FLINTRIDGE,10/15/2021 - 10/15/2029,TRUE,0,252,0.00,0,135,0.00,0,139,0.00,161,86,1.87
HUNTINGTON BEACH,10/15/2021 - 10/15/2029,TRUE,179,3661,0.05,206,2184,0.09,102,2308,0.04,645,5215,0.12
COLUSA COUNTY,12/31/2020 - 12/31/2028,TRUE,3,114,0.03,16,91,0.18,12,110,0.11,19,211,0.09
INDIAN WELLS,10/15/2021 - 10/15/2029,TRUE,2,117,0.02,5,81,0.06,9,91,0.10,180,93,1.94
MONTE SERENO,01/31/2023 - 01/31/2031,TRUE,11,53,0.21,6,30,0.20,3,31,0.10,24,79,0.30
LAKE COUNTY,08/15/2019 - 08/15/2027,TRUE,22,332,0.07,130,224,0.58,83,207,0.40,186,576,0.32
MARIN COUNTY,01/31/2023 - 01/31/2031,TRUE,64,1100,0.06,84,634,0.13,46,512,0.09,156,1323,0.12
INYO COUNTY,04/30/2021 - 04/30/2029,TRUE,0,46,0.00,0,40,0.00,9,39,0.23,55,80,0.69
MONTEREY PARK,10/15/2021 - 10/15/2029,TRUE,3,1324,0.00,46,822,0.06,19,848,0.02,196,2263,0.09
IMPERIAL BEACH,04/30/2021 - 04/30/2029,TRUE,0,225,0.00,0,123,0.00,0,183,0.00,213,798,0.27
LAKEPORT,08/15/2019 - 08/15/2027,TRUE,56,31,1.81,45,21,2.14,5,21,0.24,10,59,0.17
CORNING,08/31/2019 - 06/30/2024,TRUE,0,47,0.00,0,36,0.00,0,36,0.00,0,87,0.00
MOORPARK,10/15/2021 - 10/15/2029,TRUE,76,377,0.20,156,233,0.67,45,245,0.18,72,434,0.17
LA VERNE,10/15/2021 - 10/15/2029,TRUE,23,414,0.06,2,239,0.01,19,223,0.09,24,470,0.05
MARINA,12/15/2023 - 12/15/2031,TRUE,0,94,0.00,0,62,0.00,55,173,0.32,314,356,0.88
NEVADA COUNTY,08/15/2019 - 08/15/2027,TRUE,30,475,0.06,99,367,0.27,109,346,0.32,145,874,0.17
LAGUNA NIGUEL,10/15/2021 - 10/15/2029,TRUE,20,348,0.06,2,202,0.01,6,223,0.03,327,434,0.75
MONROVIA,10/15/2021 - 10/15/2029,TRUE,23,519,0.04,8,262,0.03,21,254,0.08,1130,635,1.78
NEWMAN,12/31/2023 - 12/31/2031,TRUE,0,197,0.00,9,136,0.07,6,218,0.03,12,497,0.02
LAKE ELSINORE,10/15/2021 - 10/15/2029,TRUE,41,1878,0.02,16,1099,0.01,138,1134,0.12,1007,2570,0.39
MONTEBELLO,10/15/2021 - 10/15/2029,TRUE,19,1314,0.01,43,707,0.06,0,777,0.00,754,2388,0.32
PALM DESERT,10/15/2021 - 10/15/2029,TRUE,502,675,0.74,304,460,0.66,60,461,0.13,1215,1194,1.02
MAYWOOD,10/15/2021 - 10/15/2029,TRUE,0,55,0.00,0,47,0.00,0,55,0.00,17,208,0.08
MORRO BAY,12/31/2020 - 12/31/2028,TRUE,26,97,0.27,9,60,0.15,34,70,0.49,91,164,0.55
PARAMOUNT,10/15/2021 - 10/15/2029,TRUE,46,92,0.50,59,43,1.37,19,48,0.40,69,181,0.38
MENDOCINO COUNTY,08/15/2019 - 08/15/2027,TRUE,125,291,0.43,21,179,0.12,248,177,1.40,342,702,0.49
NATIONAL CITY,04/30/2021 - 04/30/2029,TRUE,97,645,0.15,317,506,0.63,0,711,0.00,295,3575,0.08
PASADENA,10/15/2021 - 10/15/2029,TRUE,54,2747,0.02,51,1662,0.03,282,1565,0.18,1377,3455,0.40
MENDOTA,12/31/2023 - 12/31/2031,TRUE,0,129,0.00,15,68,0.22,6,97,0.06,33,348,0.09
NEEDLES,10/15/2021 - 10/15/2029,TRUE,0,10,0.00,0,11,0.00,6,16,0.38,6,50,0.12
REDONDO BEACH,10/15/2021 - 10/15/2029,TRUE,24,936,0.03,61,508,0.12,15,490,0.03,499,556,0.90
MERCED COUNTY,01/31/2024 - 01/31/2032,TRUE,0,1042,0.00,33,714,0.05,9,736,0.01,80,1758,0.05
CORONA,10/15/2021 - 10/15/2029,TRUE,52,1752,0.03,0,1040,0.00,0,1096,0.00,937,2200,0.43
IRVINE,10/15/2021 - 10/15/2029,TRUE,284,6396,0.04,69,4235,0.02,162,4308,0.04,6095,8671,0.70
LAGUNA HILLS,10/15/2021 - 10/15/2029,TRUE,9,568,0.02,2,353,0.01,0,354,0.00,6,710,0.01
CORTE MADERA,01/31/2023 - 01/31/2031,TRUE,9,213,0.04,9,123,0.07,7,108,0.06,3,281,0.01
REEDLEY,12/31/2023 - 12/31/2031,TRUE,47,403,0.12,43,183,0.23,8,211,0.04,101,666,0.15
KERMAN,12/31/2023 - 12/31/2031,TRUE,0,285,0.00,0,134,0.00,0,168,0.00,104,476,0.22
MOUNT SHASTA,11/15/2022 - 11/15/2030,TRUE,0,1,0.00,2,1,2.00,0,0,0.00,6,0,0.00
NORWALK,10/15/2021 - 10/15/2029,TRUE,96,1546,0.06,113,759,0.15,18,658,0.03,505,2071,0.24
DALY CITY,01/31/2023 - 01/31/2031,TRUE,59,1336,0.04,50,769,0.07,38,762,0.05,75,1971,0.04
LINCOLN,05/15/2021 - 05/15/2029,TRUE,39,1496,0.03,152,902,0.17,955,807,1.18,2058,1915,1.07
OAKLEY,01/31/2023 - 01/31/2031,TRUE,3,279,0.01,3,161,0.02,23,172,0.13,287,446,0.64
LEMOORE,01/31/2024 - 01/31/2032,TRUE,40,586,0.07,70,437,0.16,10,408,0.02,49,898,0.05
RIDGECREST,12/31/2023 - 12/31/2031,TRUE,0,379,0.00,30,241,0.12,54,225,0.24,16,591,0.03
LOMA LINDA,10/15/2021 - 10/15/2029,TRUE,25,523,0.05,32,311,0.10,36,352,0.10,204,865,0.24
KING CITY,12/15/2023 - 12/15/2031,TRUE,0,97,0.00,4,63,0.06,0,178,0.00,109,364,0.30
LIVINGSTON,01/31/2024 - 01/31/2032,TRUE,0,311,0.00,84,213,0.39,6,169,0.04,4,404,0.01
ONTARIO,10/15/2021 - 10/15/2029,TRUE,30,5640,0.01,20,3286,0.01,0,3329,0.00,5412,8599,0.63
ROCKLIN,05/15/2021 - 05/15/2029,TRUE,134,1911,0.07,242,1151,0.21,42,771,0.05,1376,1828,0.75
ROHNERT PARK,01/31/2023 - 01/31/2031,TRUE,9,399,0.02,12,230,0.05,4,265,0.02,254,686,0.37
EL CENTRO,10/15/2021 - 10/15/2029,TRUE,121,1001,0.12,194,490,0.40,101,462,0.22,40,1489,0.03
LOS ALTOS,01/31/2023 - 01/31/2031,TRUE,52,501,0.10,142,288,0.49,117,326,0.36,248,843,0.29
LOS ALAMITOS,10/15/2021 - 10/15/2029,TRUE,0,194,0.00,0,119,0.00,0,145,0.00,21,311,0.07
ORANGE COVE,12/31/2023 - 12/31/2031,TRUE,0,66,0.00,2,49,0.04,1,86,0.01,0,268,0.00
PASO ROBLES,12/31/2020 - 12/31/2028,TRUE,88,356,0.25,182,224,0.81,373,259,1.44,418,607,0.69
MAMMOTH LAKES,08/15/2019 - 08/15/2027,TRUE,34,26,1.31,143,30,4.77,6,34,0.18,233,65,3.58
LA PALMA,10/15/2021 - 10/15/2029,TRUE,0,224,0.00,14,140,0.10,0,137,0.00,0,301,0.00
PALM SPRINGS,10/15/2021 - 10/15/2029,TRUE,88,545,0.16,201,408,0.49,100,461,0.22,627,1143,0.55
ROLLING HILLS ESTATES,10/15/2021 - 10/15/2029,TRUE,3,82,0.04,12,42,0.29,2,38,0.05,10,29,0.34
MANHATTAN BEACH,10/15/2021 - 10/15/2029,TRUE,7,322,0.02,0,165,0.00,0,155,0.00,487,132,3.69
LA QUINTA,10/15/2021 - 10/15/2029,TRUE,0,420,0.00,4,269,0.01,7,297,0.02,1045,544,1.92
SAN JACINTO,10/15/2021 - 10/15/2029,TRUE,0,800,0.00,28,465,0.06,6,560,0.01,1050,1567,0.67
MANTECA,12/31/2023 - 12/31/2031,TRUE,0,2246,0.00,0,1409,0.00,0,1381,0.00,600,3270,0.18
PLACERVILLE,05/15/2021 - 05/15/2029,TRUE,35,56,0.63,110,34,3.24,38,50,0.76,81,119,0.68
MODESTO,12/31/2023 - 12/31/2031,TRUE,42,2807,0.01,243,1943,0.13,18,1981,0.01,533,4517,0.12
ENCINITAS,04/30/2021 - 04/30/2029,TRUE,118,469,0.25,74,369,0.20,122,308,0.40,1135,408,2.78
MARYSVILLE,05/15/2021 - 05/15/2029,TRUE,0,38,0.00,75,23,3.26,0,31,0.00,12,75,0.16
PLEASANTON,01/31/2023 - 01/31/2031,TRUE,22,1750,0.01,49,1008,0.05,52,894,0.06,324,2331,0.14
MONTAGUE,11/15/2022 - 11/15/2030,TRUE,0,1,0.00,2,1,2.00,2,0,0.00,1,0,0.00
LAFAYETTE,01/31/2023 - 01/31/2031,TRUE,27,599,0.05,12,344,0.03,58,326,0.18,87,845,0.10
FAIRFAX,01/31/2023 - 01/31/2031,TRUE,2,149,0.01,18,86,0.21,3,71,0.04,1,184,0.01
SAN JOAQUIN COUNTY,12/31/2023 - 12/31/2031,TRUE,0,515,0.00,0,324,0.00,0,848,0.00,1788,2008,0.89
POINT ARENA,08/15/2019 - 08/15/2027,TRUE,0,3,0.00,0,1,0.00,0,3,0.00,0,2,0.00
LAGUNA WOODS,10/15/2021 - 10/15/2029,TRUE,0,127,0.00,0,136,0.00,0,192,0.00,0,542,0.00
PETALUMA,01/31/2023 - 01/31/2031,TRUE,125,499,0.25,132,288,0.46,25,313,0.08,226,810,0.28
MENLO PARK,01/31/2023 - 01/31/2031,TRUE,121,740,0.16,72,426,0.17,63,496,0.13,92,1284,0.07
LANCASTER,10/15/2021 - 10/15/2029,TRUE,15,2224,0.01,517,1194,0.43,0,1328,0.00,1798,4277,0.42
PLUMAS COUNTY,08/31/2019 - 06/30/2024,TRUE,18,5,3.60,49,3,16.33,110,2,55.00,167,6,27.83
MILL VALLEY,01/31/2023 - 01/31/2031,TRUE,20,262,0.08,20,151,0.13,20,126,0.16,9,326,0.03
LARKSPUR,01/31/2023 - 01/31/2031,TRUE,11,291,0.04,19,168,0.11,16,145,0.11,3,375,0.01
SANTA CLARA COUNTY,01/31/2023 - 01/31/2031,TRUE,0,828,0.00,0,477,0.00,0,508,0.00,452,1312,0.34
RANCHO PALOS VERDES,10/15/2021 - 10/15/2029,TRUE,3,253,0.01,46,139,0.33,1,125,0.01,32,122,0.26
NEWARK,01/31/2023 - 01/31/2031,TRUE,97,464,0.21,19,268,0.07,19,318,0.06,280,824,0.34
FAIRFIELD,01/31/2023 - 01/31/2031,TRUE,42,792,0.05,146,464,0.31,21,539,0.04,870,1274,0.68
POMONA,10/15/2021 - 10/15/2029,TRUE,0,2799,0.00,0,1339,0.00,0,1510,0.00,0,4910,0.00
SEAL BEACH,10/15/2021 - 10/15/2029,TRUE,0,258,0.00,0,201,0.00,10,239,0.04,18,545,0.03
RICHMOND,01/31/2023 - 01/31/2031,TRUE,62,840,0.07,10,485,0.02,25,638,0.04,343,1651,0.21
NEWPORT BEACH,10/15/2021 - 10/15/2029,TRUE,35,1456,0.02,102,930,0.11,57,1050,0.05,107,1409,0.08
FILLMORE,10/15/2021 - 10/15/2029,TRUE,4,73,0.05,3,61,0.05,0,72,0.00,158,209,0.76
SONOMA,01/31/2023 - 01/31/2031,TRUE,1,83,0.01,3,48,0.06,18,50,0.36,25,130,0.19
OAKLAND,01/31/2023 - 01/31/2031,TRUE,795,6511,0.12,611,3750,0.16,310,4457,0.07,692,11533,0.06
FIREBAUGH,12/31/2023 - 12/31/2031,TRUE,0,102,0.00,7,46,0.15,0,66,0.00,5,229,0.02
PORTERVILLE,12/31/2023 - 12/31/2031,TRUE,1,872,0.00,131,537,0.24,31,739,0.04,168,1916,0.09
MILPITAS,01/31/2023 - 01/31/2031,TRUE,59,1685,0.04,25,970,0.03,59,1131,0.05,267,2927,0.09
SAINT HELENA,01/31/2023 - 01/31/2031,TRUE,6,104,0.06,11,59,0.19,6,26,0.23,26,67,0.39
FREMONT,01/31/2023 - 01/31/2031,TRUE,295,3640,0.08,298,2096,0.14,120,1996,0.06,632,5165,0.12
LASSEN COUNTY,08/31/2019 - 06/30/2024,TRUE,0,20,0.00,0,12,0.00,16,13,1.23,19,32,0.59
TEHAMA COUNTY,08/31/2019 - 06/30/2024,TRUE,6,185,0.03,128,157,0.82,118,155,0.76,34,367,0.09
RANCHO CORDOVA,05/15/2021 - 05/15/2029,TRUE,18,2115,0.01,95,1274,0.07,675,1684,0.40,3151,3994,0.79
MONTEREY COUNTY,12/15/2023 - 12/15/2031,TRUE,8,1070,0.01,53,700,0.08,12,420,0.03,361,1136,0.32
GLENDORA,10/15/2021 - 10/15/2029,TRUE,1,735,0.00,4,386,0.01,10,388,0.03,261,767,0.34
TRINIDAD,08/31/2019 - 08/31/2027,TRUE,0,4,0.00,0,4,0.00,0,3,0.00,2,7,0.29
LOMITA,10/15/2021 - 10/15/2029,TRUE,3,239,0.01,15,124,0.12,3,128,0.02,90,338,0.27
HALF MOON BAY,01/31/2023 - 01/31/2031,TRUE,58,181,0.32,22,104,0.21,12,54,0.22,28,141,0.20
YOLO COUNTY,05/15/2021 - 05/15/2029,TRUE,20,14,1.43,19,9,2.11,33,10,3.30,33,24,1.38
LOOMIS,05/15/2021 - 05/15/2029,TRUE,2,117,0.02,24,71,0.34,41,49,0.84,58,115,0.50
HOLLISTER,12/15/2023 - 12/15/2031,TRUE,0,846,0.00,5,678,0.01,17,826,0.02,266,1813,0.15
MURRIETA,10/15/2021 - 10/15/2029,TRUE,23,1009,0.02,556,583,0.95,0,545,0.00,2635,906,2.91
YUCCA VALLEY,10/15/2021 - 10/15/2029,TRUE,0,155,0.00,0,117,0.00,0,145,0.00,84,333,0.25
SAN BENITO COUNTY,12/15/2023 - 12/15/2031,TRUE,11,246,0.04,0,198,0.00,0,103,0.00,286,207,1.38
ORANGE COUNTY,10/15/2021 - 10/15/2029,TRUE,0,3107,0.00,0,1866,0.00,0,2006,0.00,1822,3361,0.54
LOS ALTOS HILLS,01/31/2023 - 01/31/2031,TRUE,19,125,0.15,19,72,0.26,58,82,0.71,19,210,0.09
HOLTVILLE,10/15/2021 - 10/15/2029,TRUE,76,41,1.85,6,33,0.18,1,26,0.04,6,71,0.08
PACIFIC GROVE,12/15/2023 - 12/15/2031,TRUE,6,362,0.02,9,237,0.04,16,142,0.11,5,384,0.01
OROVILLE,06/15/2022 - 06/15/2030,TRUE,184,171,1.08,38,6,6.33,72,73,0.99,126,375,0.34
PLACENTIA,10/15/2021 - 10/15/2029,TRUE,0,1243,0.00,64,680,0.09,45,782,0.06,452,1693,0.27
PARLIER,12/31/2023 - 12/31/2031,TRUE,0,147,0.00,0,94,0.00,2,108,0.02,50,384,0.13
REDWOOD CITY,01/31/2023 - 01/31/2031,TRUE,157,1115,0.14,232,643,0.36,76,789,0.10,645,2041,0.32
SAN BERNARDINO,10/15/2021 - 10/15/2029,TRUE,98,1415,0.07,779,1097,0.71,53,1448,0.04,401,4163,0.10
PICO RIVERA,10/15/2021 - 10/15/2029,TRUE,0,299,0.00,0,146,0.00,0,149,0.00,377,430,0.88
RIVERSIDE,10/15/2021 - 10/15/2029,TRUE,22,4861,0.00,258,3064,0.08,0,3139,0.00,2715,7394,0.37
RIO VISTA,01/31/2023 - 01/31/2031,TRUE,0,79,0.00,0,41,0.00,0,50,0.00,219,157,1.39
PORT HUENEME,10/15/2021 - 10/15/2029,TRUE,0,26,0.00,17,16,1.06,0,18,0.00,33,65,0.51
ROLLING HILLS,10/15/2021 - 10/15/2029,TRUE,0,20,0.00,0,9,0.00,1,11,0.09,7,5,1.40
LOYALTON,08/31/2019 - 06/30/2024,TRUE,0,1,0.00,0,1,0.00,0,0,0.00,0,0,0.00
PORTOLA VALLEY,01/31/2023 - 01/31/2031,TRUE,10,73,0.14,19,42,0.45,8,39,0.21,9,99,0.09
SAN LEANDRO,01/31/2023 - 01/31/2031,TRUE,46,862,0.05,47,495,0.09,48,696,0.07,36,1802,0.02
SAN LUIS OBISPO COUNTY,12/31/2020 - 12/31/2028,TRUE,0,801,0.00,178,505,0.35,200,585,0.34,793,1365,0.58
HUMBOLDT COUNTY,08/31/2019 - 08/31/2027,TRUE,20,351,0.06,47,223,0.21,215,256,0.84,354,583,0.61
POWAY,04/30/2021 - 04/30/2029,TRUE,1,468,0.00,0,268,0.00,116,241,0.48,411,342,1.20
SAN BRUNO,01/31/2023 - 01/31/2031,TRUE,56,704,0.08,471,405,1.16,36,573,0.06,23,1483,0.02
MADERA,01/31/2024 - 01/31/2032,TRUE,0,1172,0.00,0,925,0.00,0,1071,0.00,0,2742,0.00
SANTA BARBARA COUNTY,02/15/2023 - 02/15/2031,TRUE,114,1373,0.08,504,1200,0.42,24,1280,0.02,613,1811,0.34
MARTINEZ,01/31/2023 - 01/31/2031,TRUE,19,350,0.05,19,201,0.09,19,221,0.09,71,573,0.12
INDIO,10/15/2021 - 10/15/2029,TRUE,192,1793,0.11,348,1170,0.30,0,1315,0.00,1176,3534,0.33
SANTA PAULA,10/15/2021 - 10/15/2029,TRUE,0,102,0.00,0,99,0.00,0,121,0.00,0,335,0.00
RIVERSIDE COUNTY,10/15/2021 - 10/15/2029,TRUE,0,10371,0.00,318,6627,0.05,141,7347,0.02,5123,16302,0.31
SIMI VALLEY,10/15/2021 - 10/15/2029,TRUE,114,749,0.15,270,493,0.55,153,518,0.30,809,1033,0.78
SAN DIEGO,04/30/2021 - 04/30/2029,TRUE,2513,27549,0.09,2958,17331,0.17,1360,19319,0.07,29702,43837,0.68
SOLVANG,02/15/2023 - 02/15/2031,TRUE,0,55,0.00,0,39,0.00,0,22,0.00,21,75,0.28
SAN MARINO,10/15/2021 - 10/15/2029,TRUE,15,149,0.10,0,91,0.00,0,91,0.00,113,66,1.71
SAN JUAN BAUTISTA,12/15/2023 - 12/15/2031,TRUE,0,18,0.00,0,14,0.00,4,18,0.22,3,38,0.08
MENIFEE,10/15/2021 - 10/15/2029,TRUE,9,1761,0.01,21,1051,0.02,37,1106,0.03,3819,2691,1.42
RANCHO MIRAGE,10/15/2021 - 10/15/2029,TRUE,58,430,0.13,176,318,0.55,0,328,0.00,415,670,0.62
ISLETON,05/15/2021 - 05/15/2029,TRUE,0,5,0.00,0,3,0.00,0,6,0.00,3,14,0.21
RIPON,12/31/2023 - 12/31/2031,TRUE,0,347,0.00,0,218,0.00,0,255,0.00,106,604,0.18
SANGER,12/31/2023 - 12/31/2031,TRUE,0,412,0.00,0,193,0.00,1,245,0.00,30,644,0.05
LA MIRADA,10/15/2021 - 10/15/2029,TRUE,0,634,0.00,0,342,0.00,0,320,0.00,75,666,0.11
RIVERBANK,12/31/2023 - 12/31/2031,TRUE,0,970,0.00,0,672,0.00,8,594,0.01,282,1355,0.21
SUTTER COUNTY,05/15/2021 - 05/15/2029,TRUE,1,177,0.01,9,107,0.08,6,132,0.05,81,313,0.26
MILLBRAE,01/31/2023 - 01/31/2031,TRUE,18,575,0.03,100,331,0.30,27,361,0.07,258,932,0.28
SAN ANSELMO,01/31/2023 - 01/31/2031,TRUE,7,253,0.03,37,145,0.26,7,121,0.06,11,314,0.04
TIBURON,01/31/2023 - 01/31/2031,TRUE,12,193,0.06,15,110,0.14,22,93,0.24,13,243,0.05
SANTA CLARITA,10/15/2021 - 10/15/2029,TRUE,0,3397,0.00,0,1734,0.00,0,1672,0.00,1208,3228,0.37
SAN DIEGO COUNTY,04/30/2021 - 04/30/2029,TRUE,462,1834,0.25,1125,992,1.13,1167,1165,1.00,3380,2709,1.25
TULARE,12/31/2023 - 12/31/2031,TRUE,0,1435,0.00,0,884,0.00,73,677,0.11,803,1753,0.46
SEBASTOPOL,01/31/2023 - 01/31/2031,TRUE,58,55,1.05,16,31,0.52,3,35,0.09,42,92,0.46
MORAGA,01/31/2023 - 01/31/2031,TRUE,0,318,0.00,8,183,0.04,8,172,0.05,0,445,0.00
LAWNDALE,10/15/2021 - 10/15/2029,TRUE,0,732,0.00,0,311,0.00,0,371,0.00,1,1083,0.00
SAN RAFAEL,01/31/2023 - 01/31/2031,TRUE,49,857,0.06,33,492,0.07,8,521,0.02,93,1350,0.07
SAN MATEO COUNTY,01/31/2023 - 01/31/2031,TRUE,151,811,0.19,170,468,0.36,79,433,0.18,138,1121,0.12
TWENTYNINE PALMS,10/15/2021 - 10/15/2029,TRUE,0,231,0.00,22,127,0.17,79,185,0.43,0,504,0.00
SHASTA LAKE,04/15/2020 - 04/15/2028,TRUE,27,56,0.48,66,39,1.69,6,42,0.14,9,101,0.09
ORANGE,10/15/2021 - 10/15/2029,TRUE,100,1067,0.09,340,604,0.56,256,677,0.38,138,1588,0.09
LIVERMORE,01/31/2023 - 01/31/2031,TRUE,88,1317,0.07,45,758,0.06,238,696,0.34,446,1799,0.25
SAND CITY,12/15/2023 - 12/15/2031,TRUE,0,59,0.00,0,39,0.00,0,49,0.00,0,113,0.00
SANTA CRUZ COUNTY,12/15/2023 - 12/15/2031,TRUE,9,1492,0.01,97,976,0.10,51,586,0.09,44,1580,0.03
VALLEJO,01/31/2023 - 01/31/2031,TRUE,27,690,0.04,55,369,0.15,26,495,0.05,278,1346,0.21
SIERRA MADRE,10/15/2021 - 10/15/2029,TRUE,0,79,0.00,60,39,1.54,1,35,0.03,28,51,0.55
SANTA MONICA,10/15/2021 - 10/15/2029,TRUE,165,2794,0.06,112,1672,0.07,94,1702,0.06,1252,2727,0.46
VERNON,10/15/2021 - 10/15/2029,TRUE,0,5,0.00,0,4,0.00,0,0,0.00,0,0,0.00
SOLANO COUNTY,01/31/2023 - 01/31/2031,TRUE,6,80,0.07,27,50,0.54,24,56,0.43,62,129,0.48
OXNARD,10/15/2021 - 10/15/2029,TRUE,237,1840,0.13,724,1071,0.68,72,1538,0.05,868,4100,0.21
WESTMINSTER,10/15/2021 - 10/15/2029,TRUE,46,1881,0.02,233,1473,0.16,91,1784,0.05,230,4621,0.05
LOS ANGELES COUNTY,10/15/2021 - 10/15/2029,TRUE,207,25401,0.01,927,13691,0.07,39,14180,0.00,8990,36030,0.25
SANTA ANA,10/15/2021 - 10/15/2029,TRUE,359,606,0.59,426,362,1.18,260,545,0.48,2978,1624,1.83
WILLITS,08/15/2019 - 08/15/2027,TRUE,0,34,0.00,2,25,0.08,18,17,1.06,11,35,0.31
PERRIS,10/15/2021 - 10/15/2029,TRUE,0,2030,0.00,0,1127,0.00,2,1274,0.00,1281,3374,0.38
SONORA,08/31/2019 - 06/30/2024,TRUE,0,25,0.00,5,20,0.25,4,20,0.20,12,50,0.24
PINOLE,01/31/2023 - 01/31/2031,TRUE,29,121,0.24,12,69,0.17,8,87,0.09,49,223,0.22
SARATOGA,01/31/2023 - 01/31/2031,TRUE,83,454,0.18,91,261,0.35,81,278,0.29,200,719,0.28
SELMA,12/31/2023 - 12/31/2031,TRUE,0,393,0.00,0,165,0.00,0,233,0.00,55,701,0.08
PISMO BEACH,12/31/2020 - 12/31/2028,TRUE,23,113,0.20,53,71,0.75,23,82,0.28,76,193,0.39
SOUTH GATE,10/15/2021 - 10/15/2029,TRUE,0,2136,0.00,164,994,0.16,52,1173,0.04,4,3979,0.00
MADERA COUNTY,01/31/2024 - 01/31/2032,TRUE,0,1275,0.00,9,887,0.01,0,829,0.00,981,1612,0.61
SAUSALITO,01/31/2023 - 01/31/2031,TRUE,6,200,0.03,10,115,0.09,11,114,0.10,5,295,0.02
SOUTH PASADENA,10/15/2021 - 10/15/2029,TRUE,0,757,0.00,0,398,0.00,0,334,0.00,182,578,0.31
PLACER COUNTY,05/15/2021 - 05/15/2029,TRUE,36,2127,0.02,220,1282,0.17,351,1319,0.27,3112,3126,1.00
SIGNAL HILL,10/15/2021 - 10/15/2029,TRUE,0,161,0.00,0,78,0.00,0,90,0.00,30,188,0.16
MCFARLAND,12/31/2023 - 12/31/2031,TRUE,0,50,0.00,0,32,0.00,16,45,0.36,73,117,0.62
STANTON,10/15/2021 - 10/15/2029,TRUE,60,165,0.36,7,145,0.05,0,231,0.00,239,690,0.35
MERCED,01/31/2024 - 01/31/2032,TRUE,180,2543,0.07,69,1742,0.04,2,1838,0.00,713,4394,0.16
STOCKTON,12/31/2023 - 12/31/2031,TRUE,319,2465,0.13,69,1548,0.04,35,2572,0.01,1103,6088,0.18
MODOC COUNTY,08/31/2019 - 06/30/2024,TRUE,2,3,0.67,1,2,0.50,24,3,8.00,5,5,1.00
SONOMA COUNTY,01/31/2023 - 01/31/2031,TRUE,177,990,0.18,136,584,0.23,108,627,0.17,542,982,0.55
TURLOCK,12/31/2023 - 12/31/2031,TRUE,0,1305,0.00,0,903,0.00,0,1096,0.00,0,2498,0.00
PLEASANT HILL,01/31/2023 - 01/31/2031,TRUE,18,566,0.03,12,326,0.04,49,254,0.19,209,657,0.32
VACAVILLE,01/31/2023 - 01/31/2031,TRUE,0,677,0.00,0,404,0.00,23,409,0.06,1552,1105,1.40
PLYMOUTH,09/15/2021 - 09/15/2029,TRUE,0,7,0.00,0,5,0.00,0,5,0.00,22,13,1.69
MORGAN HILL,01/31/2023 - 01/31/2031,TRUE,31,262,0.12,0,151,0.00,87,174,0.50,508,450,1.13
RANCHO CUCAMONGA,10/15/2021 - 10/15/2029,TRUE,43,3245,0.01,76,1920,0.04,50,2038,0.02,2122,3322,0.64
SOUTH EL MONTE,10/15/2021 - 10/15/2029,TRUE,16,131,0.12,22,64,0.34,87,70,1.24,155,312,0.50
NAPA COUNTY,01/31/2023 - 01/31/2031,TRUE,17,45,0.38,18,16,1.13,16,14,1.14,81,31,2.61
SUNNYVALE,01/31/2023 - 01/31/2031,TRUE,170,2968,0.06,115,1709,0.07,173,2032,0.09,637,5257,0.12
NORCO,10/15/2021 - 10/15/2029,TRUE,6,145,0.04,10,85,0.12,10,82,0.12,90,142,0.63
SUTTER CREEK,09/15/2021 - 09/15/2029,TRUE,0,15,0.00,0,12,0.00,3,13,0.23,6,34,0.18
SUISUN CITY,01/31/2023 - 01/31/2031,TRUE,52,160,0.33,3,95,0.03,5,98,0.05,202,267,0.76
WESTLAKE VILLAGE,10/15/2021 - 10/15/2029,TRUE,0,58,0.00,6,29,0.21,9,32,0.28,91,23,3.96
RIALTO,10/15/2021 - 10/15/2029,TRUE,37,2218,0.02,17,1206,0.01,0,1371,0.00,898,3477,0.26
WINTERS,05/15/2021 - 05/15/2029,TRUE,4,125,0.03,3,75,0.04,32,104,0.31,245,248,0.99
RIO DELL,08/31/2019 - 08/31/2027,TRUE,2,12,0.17,1,8,0.13,3,9,0.33,2,22,0.09
UKIAH,08/15/2019 - 08/15/2027,TRUE,96,86,1.12,55,72,0.76,35,49,0.71,56,32,1.75
ROSEVILLE,05/15/2021 - 05/15/2029,TRUE,496,3855,0.13,1046,2323,0.45,2786,1746,1.60,4236,4142,1.02
UPLAND,10/15/2021 - 10/15/2029,TRUE,0,1584,0.00,0,959,0.00,221,1013,0.22,367,2130,0.17
SACRAMENTO,05/15/2021 - 05/15/2029,TRUE,1864,10463,0.18,3225,6306,0.51,4212,8545,0.49,4513,20266,0.22
WALNUT CREEK,01/31/2023 - 01/31/2031,TRUE,76,1657,0.05,63,954,0.07,44,890,0.05,48,2304,0.02
SACRAMENTO COUNTY,05/15/2021 - 05/15/2029,TRUE,167,4466,0.04,800,2692,0.30,930,4186,0.22,2854,9928,0.29
WEST HOLLYWOOD,10/15/2021 - 10/15/2029,TRUE,115,1066,0.11,78,689,0.11,12,682,0.02,418,1496,0.28
OAKDALE,12/31/2023 - 12/31/2031,TRUE,0,414,0.00,0,286,0.00,4,294,0.01,85,671,0.13
VICTORVILLE,10/15/2021 - 10/15/2029,TRUE,0,1735,0.00,0,1136,0.00,0,1504,0.00,897,3790,0.24
VILLA PARK,10/15/2021 - 10/15/2029,TRUE,0,93,0.00,2,60,0.03,0,61,0.00,2,82,0.02
WINDSOR,01/31/2023 - 01/31/2031,TRUE,10,385,0.03,225,222,1.01,16,108,0.15,167,279,0.60
WALNUT,10/15/2021 - 10/15/2029,TRUE,0,427,0.00,0,225,0.00,0,231,0.00,304,410,0.74
YORBA LINDA,10/15/2021 - 10/15/2029,TRUE,76,765,0.10,21,451,0.05,12,457,0.03,107,742,0.14
SALINAS,12/15/2023 - 12/15/2031,TRUE,0,920,0.00,0,600,0.00,0,1692,0.00,442,3462,0.13
YREKA,11/15/2022 - 11/15/2030,TRUE,0,1,0.00,0,1,0.00,0,0,0.00,3,0,0.00
WASCO,12/31/2023 - 12/31/2031,TRUE,0,127,0.00,0,82,0.00,1,242,0.00,8,635,0.01
ORINDA,01/31/2023 - 01/31/2031,TRUE,0,372,0.00,0,215,0.00,46,215,0.21,15,557,0.03
SAN BERNARDINO COUNTY,10/15/2021 - 10/15/2029,TRUE,12,2179,0.01,290,1360,0.21,812,1523,0.53,1804,3770,0.48
ORLAND,11/30/2021 - 11/30/2029,TRUE,0,62,0.00,0,31,0.00,0,44,0.00,0,110,0.00
WEST COVINA,10/15/2021 - 10/15/2029,TRUE,18,1653,0.01,107,850,0.13,88,865,0.10,334,1978,0.17
PACIFICA,01/31/2023 - 01/31/2031,TRUE,19,538,0.04,17,310,0.05,13,291,0.04,15,753,0.02
WOODLAKE,12/31/2023 - 12/31/2031,TRUE,0,75,0.00,0,47,0.00,0,103,0.00,0,267,0.00
SAN FRANCISCO,01/31/2023 - 01/31/2031,TRUE,1485,20867,0.07,1218,12014,0.10,921,13717,0.07,2204,35471,0.06
SAN GABRIEL,10/15/2021 - 10/15/2029,TRUE,0,846,0.00,254,415,0.61,0,466,0.00,159,1296,0.12
SAN LUIS OBISPO,12/31/2020 - 12/31/2028,TRUE,290,825,0.35,293,520,0.56,72,603,0.12,1531,1406,1.09
SAN MATEO,01/31/2023 - 01/31/2031,TRUE,85,1777,0.05,80,1023,0.08,73,1175,0.06,321,3040,0.11
PALOS VERDES ESTATES,10/15/2021 - 10/15/2029,TRUE,6,82,0.07,3,44,0.07,0,48,0.00,20,25,0.80
SAN RAMON,01/31/2023 - 01/31/2031,TRUE,17,1497,0.01,9,862,0.01,14,767,0.02,286,1985,0.14
YUBA CITY,05/15/2021 - 05/15/2029,TRUE,64,756,0.08,36,455,0.08,0,622,0.00,380,1475,0.26
PARADISE,06/15/2022 - 06/15/2030,TRUE,44,383,0.11,548,374,1.47,801,1319,0.61,773,5103,0.15
SANTA CRUZ,12/15/2023 - 12/15/2031,TRUE,378,859,0.44,348,562,0.62,86,709,0.12,122,1606,0.08
SANTA ROSA,01/31/2023 - 01/31/2031,TRUE,249,1252,0.20,258,701,0.37,89,771,0.12,2257,2602,0.87
SANTEE,04/30/2021 - 04/30/2029,TRUE,0,406,0.00,5,200,0.03,194,188,1.03,322,425,0.76
SEASIDE,12/15/2023 - 12/15/2031,TRUE,0,86,0.00,0,55,0.00,33,156,0.21,35,319,0.11
PATTERSON,12/31/2023 - 12/31/2031,TRUE,0,1046,0.00,0,724,0.00,0,593,0.00,0,1353,0.00
SOLEDAD,12/15/2023 - 12/15/2031,TRUE,0,100,0.00,0,65,0.00,0,183,0.00,37,376,0.10
PIEDMONT,01/31/2023 - 01/31/2031,TRUE,12,163,0.07,23,94,0.24,13,92,0.14,7,238,0.03
SOUTH SAN FRANCISCO,01/31/2023 - 01/31/2031,TRUE,89,871,0.10,151,502,0.30,79,720,0.11,1156,1863,0.62
TEHAMA,08/31/2019 - 06/30/2024,TRUE,0,3,0.00,0,2,0.00,0,2,0.00,0,5,0.00
THOUSAND OAKS,10/15/2021 - 10/15/2029,TRUE,0,735,0.00,26,494,0.05,0,532,0.00,604,860,0.70
TORRANCE,10/15/2021 - 10/15/2029,TRUE,0,1621,0.00,0,846,0.00,0,853,0.00,618,1619,0.38
TRACY,12/31/2023 - 12/31/2031,TRUE,2,2994,0.00,10,1879,0.01,30,1175,0.03,740,2782,0.27
TULARE COUNTY,12/31/2023 - 12/31/2031,TRUE,96,1563,0.06,168,963,0.17,41,1870,0.02,47,4847,0.01
TULELAKE,11/15/2022 - 11/15/2030,TRUE,0,1,0.00,0,1,0.00,0,0,0.00,0,0,0.00
VENTURA COUNTY,10/15/2021 - 10/15/2029,TRUE,218,319,0.68,491,225,2.18,228,250,0.91,215,468,0.46
VISTA,04/30/2021 - 04/30/2029,TRUE,57,515,0.11,11,321,0.03,0,369,0.00,838,1356,0.62
WILDOMAR,10/15/2021 - 10/15/2029,TRUE,218,798,0.27,0,450,0.00,28,434,0.06,811,1033,0.79
WOODLAND,05/15/2021 - 05/15/2029,TRUE,128,663,0.19,85,399,0.21,203,601,0.34,648,1424,0.46
PITTSBURG,01/31/2023 - 01/31/2031,TRUE,0,516,0.00,64,296,0.22,195,346,0.56,40,894,0.04
ROSEMEAD,10/15/2021 - 10/15/2029,TRUE,0,1154,0.00,11,638,0.02,0,686,0.00,666,2134,0.31
ROSS,01/31/2023 - 01/31/2031,TRUE,8,34,0.24,10,20,0.50,5,16,0.31,4,41,0.10
SAN CLEMENTE,10/15/2021 - 10/15/2029,TRUE,6,282,0.02,28,164,0.17,57,188,0.30,83,348,0.24
SAN JOAQUIN,12/31/2023 - 12/31/2031,TRUE,0,39,0.00,0,28,0.00,0,36,0.00,0,97,0.00
SAN JUAN CAPISTRANO,10/15/2021 - 10/15/2029,TRUE,52,270,0.19,33,173,0.19,37,183,0.20,310,428,0.72
SAN PABLO,01/31/2023 - 01/31/2031,TRUE,0,173,0.00,59,100,0.59,57,132,0.43,26,341,0.08
SANTA CLARA,01/31/2023 - 01/31/2031,TRUE,103,2872,0.04,241,1653,0.15,137,1981,0.07,1063,5126,0.21
SANTA MARIA,02/15/2023 - 02/15/2031,TRUE,15,1032,0.01,1189,536,2.22,0,731,0.00,537,3119,0.17
SHASTA COUNTY,04/15/2020 - 04/15/2028,TRUE,54,273,0.20,73,179,0.41,59,193,0.31,724,460,1.57
SIERRA COUNTY,08/31/2019 - 06/30/2024,TRUE,8,1,8.00,6,1,6.00,5,0,0.00,11,2,5.50
SISKIYOU COUNTY,11/15/2022 - 11/15/2030,TRUE,3,1,3.00,1,1,1.00,0,0,0.00,107,0,0.00
SOLANA BEACH,04/30/2021 - 04/30/2029,TRUE,0,316,0.00,32,159,0.20,95,160,0.59,78,240,0.33
TEMECULA,10/15/2021 - 10/15/2029,TRUE,64,1359,0.05,126,801,0.16,3,778,0.00,2253,1255,1.80
TEMPLE CITY,10/15/2021 - 10/15/2029,TRUE,210,630,0.33,26,350,0.07,26,369,0.07,160,837,0.19
TRINITY COUNTY,08/31/2019 - 06/30/2024,TRUE,0,1,0.00,0,1,0.00,0,0,0.00,80,0,0.00
TRUCKEE,08/15/2019 - 08/15/2027,TRUE,63,187,0.34,162,140,1.16,72,128,0.56,521,300,1.74
UNION CITY,01/31/2023 - 01/31/2031,TRUE,47,862,0.05,73,496,0.15,32,382,0.08,57,988,0.06
VENTURA,10/15/2021 - 10/15/2029,TRUE,99,1187,0.08,44,865,0.05,9,950,0.01,886,2310,0.38
VISALIA,12/31/2023 - 12/31/2031,TRUE,194,3741,0.05,259,2306,0.11,142,1321,0.11,707,3423,0.21
WATERFORD,12/31/2023 - 12/31/2031,TRUE,0,107,0.00,0,74,0.00,20,115,0.17,35,261,0.13
WATSONVILLE,12/15/2023 - 12/15/2031,TRUE,10,283,0.04,4,186,0.02,0,521,0.00,90,1063,0.08
WEST SACRAMENTO,05/15/2021 - 05/15/2029,TRUE,10,2287,0.00,69,1378,0.05,170,1722,0.10,1672,4084,0.41
WILLIAMS,12/31/2020 - 12/31/2028,TRUE,0,71,0.00,12,56,0.21,0,66,0.00,26,137,0.19
WOODSIDE,01/31/2023 - 01/31/2031,TRUE,21,90,0.23,19,52,0.37,19,52,0.37,37,134,0.28
YOUNTVILLE,01/31/2023 - 01/31/2031,TRUE,1,19,0.05,3,11,0.27,4,12,0.33,2,30,0.07
ALTURAS,08/31/2019 - 06/30/2024,TRUE,0,2,0.00,1,1,1.00,1,1,1.00,1,3,0.33
ATASCADERO,12/31/2020 - 12/31/2028,TRUE,4,207,0.02,125,131,0.95,200,151,1.32,181,354,0.51
ATHERTON,01/31/2023 - 01/31/2031,TRUE,19,94,0.20,15,54,0.28,8,56,0.14,93,144,0.65
BUENA PARK,10/15/2021 - 10/15/2029,TRUE,75,2119,0.04,82,1343,0.06,53,1573,0.03,140,3884,0.04
BUTTE COUNTY,06/15/2022 - 06/15/2030,TRUE,93,272,0.34,0,361,0.00,86,998,0.09,679,2157,0.31
CALIMESA,10/15/2021 - 10/15/2029,TRUE,0,495,0.00,0,275,0.00,25,379,0.07,13,868,0.01
CAMARILLO,10/15/2021 - 10/15/2029,TRUE,57,353,0.16,58,244,0.24,131,271,0.48,616,508,1.21
CARMEL,12/15/2023 - 12/15/2031,TRUE,0,113,0.00,0,74,0.00,0,44,0.00,45,118,0.38
CHICO,06/15/2022 - 06/15/2030,TRUE,572,1101,0.52,232,507,0.46,156,770,0.20,605,1110,0.55
CONCORD,01/31/2023 - 01/31/2031,TRUE,134,1292,0.10,338,744,0.45,51,847,0.06,133,2190,0.06
CONTRA COSTA COUNTY,01/31/2023 - 01/31/2031,TRUE,91,2072,0.04,131,1194,0.11,210,1211,0.17,507,3133,0.16
CORCORAN,01/31/2024 - 01/31/2032,TRUE,0,122,0.00,0,116,0.00,0,118,0.00,11,359,0.03
CORONADO,04/30/2021 - 04/30/2029,TRUE,0,312,0.00,0,169,0.00,0,159,0.00,204,272,0.75
DEL REY OAKS,12/15/2023 - 12/15/2031,TRUE,0,60,0.00,4,38,0.11,2,24,0.08,2,62,0.03
DUBLIN,01/31/2023 - 01/31/2031,TRUE,112,1085,0.10,41,625,0.07,19,560,0.03,879,1449,0.61
DUNSMUIR,11/15/2022 - 11/15/2030,TRUE,0,1,0.00,0,1,0.00,0,0,0.00,1,0,0.00
EL CERRITO,01/31/2023 - 01/31/2031,TRUE,90,334,0.27,69,192,0.36,11,241,0.05,62,624,0.10
EL SEGUNDO,10/15/2021 - 10/15/2029,TRUE,0,189,0.00,0,88,0.00,0,84,0.00,116,131,0.89
ESCONDIDO,04/30/2021 - 04/30/2029,TRUE,185,1864,0.10,273,1249,0.22,74,1527,0.05,1572,4967,0.32
FRESNO COUNTY,12/31/2023 - 12/31/2031,TRUE,6,706,0.01,98,391,0.25,14,370,0.04,177,883,0.20
GARDEN GROVE,10/15/2021 - 10/15/2029,TRUE,13,4166,0.00,141,2801,0.05,8,3211,0.00,1923,8990,0.21
GOLETA,02/15/2023 - 02/15/2031,TRUE,45,682,0.07,119,324,0.37,2,370,0.01,247,461,0.54
GRIDLEY,06/15/2022 - 06/15/2030,TRUE,0,118,0.00,0,41,0.00,0,30,0.00,3,156,0.02
GUADALUPE,02/15/2023 - 02/15/2031,TRUE,0,3,0.00,0,24,0.00,57,77,0.74,53,327,0.16
HAWTHORNE,10/15/2021 - 10/15/2029,TRUE,0,445,0.00,0,204,0.00,0,249,0.00,196,836,0.23
HUGHSON,12/31/2023 - 12/31/2031,TRUE,0,284,0.00,0,196,0.00,0,122,0.00,0,279,0.00
IMPERIAL COUNTY,10/15/2021 - 10/15/2029,TRUE,1,1203,0.00,127,596,0.21,62,580,0.11,77,1922,0.04
JURUPA VALLEY,10/15/2021 - 10/15/2029,TRUE,48,1207,0.04,100,749,0.13,98,731,0.13,785,1810,0.43
KINGS COUNTY,01/31/2024 - 01/31/2032,TRUE,11,132,0.08,3,89,0.03,8,106,0.08,7,234,0.03
LA MESA,04/30/2021 - 04/30/2029,TRUE,24,859,0.03,167,487,0.34,412,577,0.71,453,1874,0.24
LA PUENTE,10/15/2021 - 10/15/2029,TRUE,0,544,0.00,0,275,0.00,0,275,0.00,147,835,0.18
LAKEWOOD,10/15/2021 - 10/15/2029,TRUE,98,1296,0.08,170,637,0.27,16,653,0.02,111,1336,0.08
LODI,12/31/2023 - 12/31/2031,TRUE,0,941,0.00,0,591,0.00,37,706,0.05,321,1671,0.19
LONG BEACH,10/15/2021 - 10/15/2029,TRUE,257,7141,0.04,482,4047,0.12,0,4158,0.00,4132,11156,0.37
LOS ANGELES,10/15/2021 - 10/15/2029,TRUE,3468,115978,0.03,8923,68743,0.13,1419,75091,0.02,61995,196831,0.31
MARICOPA,12/31/2023 - 12/31/2031,TRUE,0,1,0.00,2,1,2.00,0,3,0.00,0,8,0.00
MONTEREY,12/15/2023 - 12/15/2031,TRUE,0,1177,0.00,5,769,0.01,5,462,0.01,108,1246,0.09
MORENO VALLEY,10/15/2021 - 10/15/2029,TRUE,0,3779,0.00,32,2051,0.02,519,2165,0.24,1871,5632,0.33
MOUNTAIN VIEW,01/31/2023 - 01/31/2031,TRUE,259,2773,0.09,92,1597,0.06,73,1885,0.04,502,4880,0.10
NAPA,01/31/2023 - 01/31/2031,TRUE,15,770,0.02,67,444,0.15,102,405,0.25,306,1050,0.29
NEVADA CITY,08/15/2019 - 08/15/2027,TRUE,38,29,1.31,13,23,0.57,3,23,0.13,37,60,0.62
NOVATO,01/31/2023 - 01/31/2031,TRUE,66,570,0.12,20,328,0.06,17,332,0.05,18,860,0.02
OCEANSIDE,04/30/2021 - 04/30/2029,TRUE,185,1268,0.15,203,718,0.28,512,883,0.58,2148,2574,0.83
OJAI,10/15/2021 - 10/15/2029,TRUE,1,13,0.08,1,9,0.11,14,10,1.40,81,21,3.86
PALMDALE,10/15/2021 - 10/15/2029,TRUE,13,1777,0.01,297,935,0.32,0,1004,0.00,543,2924,0.19
PALO ALTO,01/31/2023 - 01/31/2031,TRUE,41,1556,0.03,47,896,0.05,81,1013,0.08,456,2621,0.17
PORTOLA,08/31/2019 - 06/30/2024,TRUE,0,1,0.00,0,1,0.00,0,0,0.00,2,2,1.00
RANCHO SANTA MARGARITA,10/15/2021 - 10/15/2029,TRUE,3,209,0.01,1,120,0.01,1,125,0.01,0,226,0.00
RED BLUFF,08/31/2019 - 06/30/2024,TRUE,1,82,0.01,6,63,0.10,5,63,0.08,2,160,0.01
REDDING,04/15/2020 - 04/15/2028,TRUE,277,502,0.55,181,336,0.54,184,360,0.51,582,893,0.65
REDLANDS,10/15/2021 - 10/15/2029,TRUE,190,967,0.20,159,615,0.26,50,652,0.08,421,1282,0.33
SAN CARLOS,01/31/2023 - 01/31/2031,TRUE,17,739,0.02,17,425,0.04,28,438,0.06,90,1133,0.08
SAN DIMAS,10/15/2021 - 10/15/2029,TRUE,0,384,0.00,0,220,0.00,0,206,0.00,153,438,0.35
SAN FERNANDO,10/15/2021 - 10/15/2029,TRUE,6,461,0.01,99,273,0.36,44,284,0.15,47,777,0.06
SAN JOSE,01/31/2023 - 01/31/2031,TRUE,1713,15088,0.11,1945,8687,0.22,2184,10711,0.20,1719,27714,0.06
SAN MARCOS,04/30/2021 - 04/30/2029,TRUE,155,728,0.21,269,530,0.51,915,542,1.69,1232,1316,0.94
SANTA BARBARA,02/15/2023 - 02/15/2031,TRUE,83,2147,0.04,103,1381,0.07,71,1441,0.05,425,3032,0.14
SANTA FE SPRINGS,10/15/2021 - 10/15/2029,TRUE,96,253,0.38,44,159,0.28,15,152,0.10,69,388,0.18
SCOTTS VALLEY,12/15/2023 - 12/15/2031,TRUE,39,392,0.10,59,257,0.23,3,154,0.02,28,417,0.07
SHAFTER,12/31/2023 - 12/31/2031,TRUE,0,678,0.00,0,431,0.00,0,603,0.00,743,1581,0.47
SOUTH LAKE TAHOE,06/30/2022 - 06/30/2027,TRUE,0,70,0.00,129,50,2.58,6,42,0.14,157,127,1.24
STANISLAUS COUNTY,12/31/2023 - 12/31/2031,TRUE,0,574,0.00,33,398,0.08,56,458,0.12,245,1045,0.23
SUSANVILLE,08/31/2019 - 06/30/2024,TRUE,0,14,0.00,0,9,0.00,5,11,0.45,23,24,0.96
TAFT,12/31/2023 - 12/31/2031,TRUE,0,68,0.00,2,43,0.05,4,109,0.04,0,284,0.00
TEHACHAPI,12/31/2023 - 12/31/2031,TRUE,0,188,0.00,0,119,0.00,0,164,0.00,69,431,0.16
TUOLUMNE COUNTY,08/31/2019 - 06/30/2024,TRUE,0,125,0.00,1,93,0.01,0,87,0.00,201,220,0.91
TUSTIN,10/15/2021 - 10/15/2029,TRUE,6,1724,0.00,14,1046,0.01,5,1132,0.00,479,2880,0.17
WEED,11/15/2022 - 11/15/2030,TRUE,0,1,0.00,0,1,0.00,4,0,0.00,8,0,0.00
WESTMORLAND,10/15/2021 - 10/15/2029,TRUE,0,8,0.00,0,6,0.00,14,4,3.50,0,15,0.00
WHEATLAND,05/15/2021 - 05/15/2029,TRUE,40,105,0.38,8,64,0.13,0,98,0.00,104,232,0.45
WHITTIER,10/15/2021 - 10/15/2029,TRUE,0,1272,0.00,40,537,0.07,253,556,0.46,213,1824,0.12
WILLOWS,11/30/2021 - 11/30/2029,TRUE,0,47,0.00,0,22,0.00,0,36,0.00,23,80,0.29
YUBA COUNTY,05/15/2021 - 05/15/2029,TRUE,162,621,0.26,153,374,0.41,40,561,0.07,2657,1331,2.00
YUCAIPA,10/15/2021 - 10/15/2029,TRUE,12,708,0.02,185,493,0.38,176,511,0.34,453,1154,0.39
