PLACE_FIPS,COUNTY_FIPS,rhna_baseline,hcd_name,juris_type
,06003,2,ALPINE COUNTY,unincorporated
0600296,06071,3763,ADELANTO,city
0600884,06037,6825,ALHAMBRA,city
0600394,06037,318,AGOURA HILLS,city
0602042,06089,241,ANDERSON,city
0600562,06001,5353,ALAMEDA,city
0601514,06005,5,AMADOR,city
0603666,06037,2001,BALDWIN PARK,city
0602868,06079,692,ARROYO GRANDE,city
0602364,06071,4290,APPLE VALLEY,city
0604982,06037,3735,BELLFLOWER,city
0602112,06009,244,ANGELS CAMP,city
,06001,4693,ALAMEDA COUNTY,unincorporated
0605164,06041,160,BELVEDERE,city
0600947,06059,1195,ALISO VIEJO,city
0601640,06055,622,AMERICAN CANYON,city
0600674,06001,1114,ALBANY,city
0603302,06031,277,AVENAL,city
0606798,06027,118,BISHOP,city
0604030,06071,1520,BARSTOW,city
0608058,06025,1426,BRAWLEY,city
0607946,06037,41,BRADBURY,city
0606560,06007,81,BIGGS,city
0602000,06059,17453,ANAHEIM,city
0603162,06047,3017,ATWATER,city
0608954,06037,8772,BURBANK,city
0606000,06001,8934,BERKELEY,city
0607218,06065,494,BLYTHE,city
0602252,06013,3016,ANTIOCH,city
,06009,1096,CALAVERAS COUNTY,unincorporated
0608310,06081,1588,BRISBANE,city
0602924,06029,1174,ARVIN,city
,06005,377,AMADOR COUNTY,unincorporated
0609710,06025,4868,CALEXICO,city
0608100,06059,2365,BREA,city
0602462,06037,3214,ARCADIA,city
0612552,06037,1908,CERRITOS,city
0608142,06013,1522,BRENTWOOD,city
0609598,06037,354,CALABASAS,city
0602476,06023,610,ARCATA,city
0610928,06065,129,CANYON LAKE,city
0608758,06083,165,BUELLTON,city
0603274,06037,27,AVALON,city
0602896,06037,1069,ARTESIA,city
0611530,06037,5618,CARSON,city
0604758,06065,4210,BEAUMONT,city
0605108,06081,1785,BELMONT,city
0609878,06025,151,CALIPATRIA,city
0604870,06037,229,BELL,city
0603204,06061,310,AUBURN,city
0613945,06033,434,CLEARLAKE,city
0604996,06037,503,BELL GARDENS,city
0609892,06055,119,CALISTOGA,city
0603386,06037,2651,AZUSA,city
0605290,06095,750,BENICIA,city
0610345,06085,2977,CAMPBELL,city
0614260,06065,7886,COACHELLA,city
0606308,06037,3104,BEVERLY HILLS,city
0613294,06039,1730,CHOWCHILLA,city
0614974,06037,247,COMMERCE,city
0611194,06073,3873,CARLSBAD,city
0614736,06081,202,COLMA,city
0616742,06037,1910,COVINA,city
0616560,06097,234,COTATI,city
0617498,06037,393,CUDAHY,city
0613588,06067,697,CITRUS HEIGHTS,city
0617568,06037,3341,CULVER CITY,city
0617022,06015,189,CRESCENT CITY,city
0618506,06073,163,DEL MAR,city
0612048,06065,2549,CATHEDRAL,city
0613756,06037,1711,CLAREMONT,city
0617610,06085,4588,CUPERTINO,city
0619402,06095,416,DIXON,city
0612524,06099,3361,CERES,city
0613882,06013,570,CLAYTON,city
0617750,06059,3936,CYPRESS,city
0619612,06047,261,DOS PALOS,city
0603526,06029,37461,BAKERSFIELD,city
0614946,06011,379,COLUSA,city
0614190,06097,335,CLOVERDALE,city
0618394,06029,1866,DELANO,city
0603820,06065,1673,BANNING,city
0613214,06071,3729,CHINO HILLS,city
0619584,06093,2,DORRIS,city
0617946,06059,530,DANA POINT,city
0623042,06023,952,EUREKA,city
0617988,06013,2241,DANVILLE,city
0614274,06019,566,COALINGA,city
0623126,06107,844,EXETER,city
0614498,06061,97,COLFAX,city
0621230,06065,3028,EASTVALE,city
0624638,06067,6363,FOLSOM,city
0616532,06059,11760,COSTA MESA,city
0606434,06071,212,BIG BEAR LAKE,city
0622790,06077,367,ESCALON,city
0614890,06071,5434,COLTON,city
,06015,386,DEL NORTE COUNTY,unincorporated
0607162,06023,23,BLUE LAKE,city
,06017,5353,EL DORADO COUNTY,unincorporated
0625436,06019,339,FOWLER,city
0619318,06107,1588,DINUBA,city
0633364,06037,558,HERMOSA BEACH,city
0627000,06019,36866,FRESNO,city
0620956,06081,829,EAST PALO ALTO,city
0622230,06037,8502,EL MONTE,city
0609066,06081,3257,BURLINGAME,city
0628168,06037,5735,GARDENA,city
0623616,06107,654,FARMERSVILLE,city
0615044,06037,1004,COMPTON,city
0622020,06067,8263,ELK GROVE,city
0632506,06037,331,HAWAIIAN GARDENS,city
0625338,06081,1896,FOSTER CITY,city
0625128,06093,2,FORT JONES,city
0625296,06023,290,FORTUNA,city
0618100,06113,2075,DAVIS,city
0622594,06001,1815,EMERYVILLE,city
0633308,06013,995,HERCULES,city
0609780,06029,427,CALIFORNIA CITY,city
0630658,06071,630,GRAND TERRACE,city
0618996,06065,3873,DESERT HOT SPRINGS,city
0611040,06087,1336,CAPITOLA,city
0633588,06071,2513,HIGHLAND,city
0619192,06037,2521,DIAMOND BAR,city
0625380,06059,4839,FOUNTAIN VALLEY,city
0633056,06097,476,HEALDSBURG,city
0636084,06019,319,HURON,city
0636546,06037,7439,INGLEWOOD,city
0628000,06059,13209,FULLERTON,city
0636490,06037,17,INDUSTRY,city
0636980,06005,138,JACKSON,city
0619766,06037,6525,DOWNEY,city
0639178,06059,394,LAGUNA BEACH,city
0639290,06059,804,LA HABRA,city
0619990,06037,888,DUARTE,city
0639496,06059,3236,LAKE FOREST,city
0641712,06107,789,LINDSAY,city
0621712,06073,3280,EL CAJON,city
0640704,06077,8402,LATHROP,city
0611446,06083,901,CARPINTERIA,city
0624680,06071,17519,FONTANA,city
0641936,06101,412,LIVE OAK,city
0622972,06093,2,ETNA,city
0636280,06025,1601,IMPERIAL,city
0625058,06045,137,FORT BRAGG,city
0623910,06023,33,FERNDALE,city
,06021,229,GLENN COUNTY,unincorporated
0636672,06005,117,IONE,city
0629504,06085,1773,GILROY,city
0641124,06073,1359,LEMON GROVE,city
0628112,06067,1926,GALT,city
0613210,06071,6978,CHINO,city
0642524,06083,2248,LOMPOC,city
0630000,06037,13425,GLENDALE,city
0644574,06037,1558,LYNWOOD,city
0613392,06073,11105,CHULA VISTA,city
0630994,06053,730,GREENFIELD,city
0630392,06053,1266,GONZALES,city
0630798,06057,743,GRASS VALLEY,city
0614218,06019,8977,CLOVIS,city
0631960,06031,5547,HANFORD,city
0631393,06079,369,GROVER BEACH,city
0631568,06047,346,GUSTINE,city
0636056,06037,1605,HUNTINGTON PARK,city
,06043,195,MARIPOSA COUNTY,unincorporated
0633000,06001,4624,HAYWARD,city
0636826,06037,119,IRWINDALE,city
0633182,06065,6466,HEMET,city
0648256,06059,2217,MISSION VIEJO,city
,06029,9242,KERN COUNTY,unincorporated
0633434,06071,8155,HESPERIA,city
0644028,06047,3132,LOS BANOS,city
,06051,85,MONO COUNTY,unincorporated
0633798,06081,554,HILLSBOROUGH,city
0633518,06037,40,HIDDEN HILLS,city
0644112,06085,1993,LOS GATOS,city
0648788,06071,2593,MONTCLAIR,city
0638562,06019,882,KINGSBURG,city
0645246,06037,79,MALIBU,city
0639304,06037,172,LA HABRA HEIGHTS,city
0639003,06037,612,LA CANADA FLINTRIDGE,city
0636000,06059,13368,HUNTINGTON BEACH,city
,06011,526,COLUSA COUNTY,unincorporated
0636434,06065,382,INDIAN WELLS,city
0648956,06085,193,MONTE SERENO,city
,06033,1339,LAKE COUNTY,unincorporated
,06041,3569,MARIN COUNTY,unincorporated
,06027,205,INYO COUNTY,unincorporated
0648914,06037,5257,MONTEREY PARK,city
0636294,06073,1329,IMPERIAL BEACH,city
0639710,06033,132,LAKEPORT,city
0616322,06103,206,CORNING,city
0649138,06111,1289,MOORPARK,city
0640830,06037,1346,LA VERNE,city
0645778,06053,685,MARINA,city
,06057,2062,NEVADA COUNTY,unincorporated
0639248,06059,1207,LAGUNA NIGUEL,city
0648648,06037,1670,MONROVIA,city
0651140,06099,1048,NEWMAN,city
0639486,06065,6681,LAKE ELSINORE,city
0648816,06037,5186,MONTEBELLO,city
0655184,06065,2790,PALM DESERT,city
0646492,06037,365,MAYWOOD,city
0649362,06079,391,MORRO BAY,city
0655618,06037,364,PARAMOUNT,city
,06045,1349,MENDOCINO COUNTY,unincorporated
0650398,06073,5437,NATIONAL CITY,city
0656000,06037,9429,PASADENA,city
0646828,06019,642,MENDOTA,city
0650734,06071,87,NEEDLES,city
0660018,06037,2490,REDONDO BEACH,city
,06047,4250,MERCED COUNTY,unincorporated
0616350,06065,6088,CORONA,city
0636770,06059,23610,IRVINE,city
0639220,06059,1985,LAGUNA HILLS,city
0616462,06041,725,CORTE MADERA,city
0660242,06019,1463,REEDLEY,city
0638226,06019,1063,KERMAN,city
0649852,06093,2,MOUNT SHASTA,city
0652526,06037,5034,NORWALK,city
0617918,06081,4838,DALY CITY,city
0641474,06061,5120,LINCOLN,city
0653070,06013,1058,OAKLEY,city
0641152,06031,2329,LEMOORE,city
0660704,06029,1436,RIDGECREST,city
0642370,06071,2051,LOMA LINDA,city
0638520,06053,702,KING CITY,city
0642006,06047,1097,LIVINGSTON,city
0653896,06071,20854,ONTARIO,city
0662364,06061,5661,ROCKLIN,city
0662546,06097,1580,ROHNERT PARK,city
0621782,06025,3442,EL CENTRO,city
0643280,06085,1958,LOS ALTOS,city
0643224,06059,769,LOS ALAMITOS,city
0654008,06019,469,ORANGE COVE,city
0622300,06079,1446,PASO ROBLES,city
0645358,06051,155,MAMMOTH LAKES,city
0640256,06059,802,LA PALMA,city
0655254,06065,2557,PALM SPRINGS,city
0662644,06037,191,ROLLING HILLS ESTATES,city
0645400,06037,774,MANHATTAN BEACH,city
0640354,06065,1530,LA QUINTA,city
0667112,06065,3392,SAN JACINTO,city
0645484,06077,8306,MANTECA,city
0657540,06017,259,PLACERVILLE,city
0648354,06099,11248,MODESTO,city
0622678,06073,1554,ENCINITAS,city
0646170,06115,167,MARYSVILLE,city
0657792,06001,5983,PLEASANTON,city
0648690,06093,2,MONTAGUE,city
0639122,06013,2114,LAFAYETTE,city
0623168,06041,490,FAIRFAX,city
,06077,3695,SAN JOAQUIN COUNTY,unincorporated
0657876,06045,9,POINT ARENA,city
0639259,06059,997,LAGUNA WOODS,city
0656784,06097,1910,PETALUMA,city
0646870,06081,2946,MENLO PARK,city
0640130,06037,9023,LANCASTER,city
,06063,16,PLUMAS COUNTY,unincorporated
0647710,06041,865,MILL VALLEY,city
0640438,06041,979,LARKSPUR,city
,06085,3125,SANTA CLARA COUNTY,unincorporated
0659514,06037,639,RANCHO PALOS VERDES,city
0650916,06001,1874,NEWARK,city
0623182,06095,3069,FAIRFIELD,city
0658072,06037,10558,POMONA,city
0670686,06059,1243,SEAL BEACH,city
0660620,06013,3614,RICHMOND,city
0651182,06059,4845,NEWPORT BEACH,city
0624092,06111,415,FILLMORE,city
0672646,06097,311,SONOMA,city
0653000,06001,26251,OAKLAND,city
0624134,06019,443,FIREBAUGH,city
0658240,06107,4064,PORTERVILLE,city
0647766,06085,6713,MILPITAS,city
0664140,06055,256,SAINT HELENA,city
0626000,06001,12897,FREMONT,city
,06035,77,LASSEN COUNTY,unincorporated
,06103,864,TEHAMA COUNTY,unincorporated
0659444,06067,9067,RANCHO CORDOVA,city
,06053,3326,MONTEREY COUNTY,unincorporated
0630014,06037,2276,GLENDORA,city
0680448,06023,18,TRINIDAD,city
0642468,06037,829,LOMITA,city
0631708,06081,480,HALF MOON BAY,city
,06113,57,YOLO COUNTY,unincorporated
0643140,06061,352,LOOMIS,city
0634120,06069,4163,HOLLISTER,city
0650076,06065,3043,MURRIETA,city
0687056,06071,750,YUCCA VALLEY,city
,06069,754,SAN BENITO COUNTY,unincorporated
,06059,10340,ORANGE COUNTY,unincorporated
0643294,06085,489,LOS ALTOS HILLS,city
0634246,06025,171,HOLTVILLE,city
0654848,06053,1125,PACIFIC GROVE,city
0654386,06007,625,OROVILLE,city
0657526,06059,4398,PLACENTIA,city
0655856,06019,733,PARLIER,city
0660102,06081,4588,REDWOOD CITY,city
0665000,06071,8123,SAN BERNARDINO,city
0656924,06037,1024,PICO RIVERA,city
0662000,06065,18458,RIVERSIDE,city
0660984,06095,327,RIO VISTA,city
0658296,06111,125,PORT HUENEME,city
0662602,06037,45,ROLLING HILLS,city
0644364,06091,2,LOYALTON,city
0658380,06081,253,PORTOLA VALLEY,city
0668084,06001,3855,SAN LEANDRO,city
,06079,3256,SAN LUIS OBISPO COUNTY,unincorporated
,06023,1413,HUMBOLDT COUNTY,unincorporated
0658520,06073,1319,POWAY,city
0665028,06081,3165,SAN BRUNO,city
0645022,06039,5910,MADERA,city
,06083,5664,SANTA BARBARA COUNTY,unincorporated
0646114,06013,1345,MARTINEZ,city
0636448,06065,7812,INDIO,city
0670042,06111,657,SANTA PAULA,city
,06065,40647,RIVERSIDE COUNTY,unincorporated
0672016,06111,2793,SIMI VALLEY,city
0666000,06073,108036,SAN DIEGO,city
0672576,06083,191,SOLVANG,city
0668224,06037,397,SAN MARINO,city
0668014,06069,88,SAN JUAN BAUTISTA,city
0646842,06065,6609,MENIFEE,city
0659500,06065,1746,RANCHO MIRAGE,city
0636882,06067,28,ISLETON,city
0661026,06077,1424,RIPON,city
0667056,06019,1494,SANGER,city
0640032,06037,1962,LA MIRADA,city
0661068,06099,3591,RIVERBANK,city
,06101,729,SUTTER COUNTY,unincorporated
0647486,06081,2199,MILLBRAE,city
0664434,06041,833,SAN ANSELMO,city
0678666,06041,639,TIBURON,city
0669088,06037,10031,SANTA CLARITA,city
,06073,6700,SAN DIEGO COUNTY,unincorporated
0680644,06107,4749,TULARE,city
0670770,06097,213,SEBASTOPOL,city
0649187,06013,1118,MORAGA,city
0640886,06037,2497,LAWNDALE,city
0668364,06041,3220,SAN RAFAEL,city
,06081,2833,SAN MATEO COUNTY,unincorporated
0680994,06071,1047,TWENTYNINE PALMS,city
0671225,06089,238,SHASTA LAKE,city
0653980,06059,3936,ORANGE,city
0641992,06001,4570,LIVERMORE,city
0665112,06053,260,SAND CITY,city
,06087,4634,SANTA CRUZ COUNTY,unincorporated
0681666,06095,2900,VALLEJO,city
0671806,06037,204,SIERRA MADRE,city
0670000,06037,8895,SANTA MONICA,city
0682422,06037,9,VERNON,city
,06095,315,SOLANO COUNTY,unincorporated
0654652,06111,8549,OXNARD,city
0684550,06059,9759,WESTMINSTER,city
,06037,89302,LOS ANGELES COUNTY,unincorporated
0669000,06059,3137,SANTA ANA,city
0685600,06045,111,WILLITS,city
0656700,06065,7805,PERRIS,city
0672674,06109,115,SONORA,city
0657288,06013,500,PINOLE,city
0670280,06085,1712,SARATOGA,city
0670882,06019,1492,SELMA,city
0657414,06079,459,PISMO BEACH,city
0673080,06037,8282,SOUTH GATE,city
,06039,4603,MADERA COUNTY,unincorporated
0670364,06041,724,SAUSALITO,city
0673220,06037,2067,SOUTH PASADENA,city
,06061,7854,PLACER COUNTY,unincorporated
0671876,06037,517,SIGNAL HILL,city
0644826,06029,244,MCFARLAND,city
0673962,06059,1231,STANTON,city
0646898,06047,10517,MERCED,city
0675000,06077,12673,STOCKTON,city
,06049,13,MODOC COUNTY,unincorporated
,06097,3183,SONOMA COUNTY,unincorporated
0680812,06099,5802,TURLOCK,city
0657764,06013,1803,PLEASANT HILL,city
0681554,06095,2595,VACAVILLE,city
0657834,06005,30,PLYMOUTH,city
0649278,06085,1037,MORGAN HILL,city
0659451,06071,10525,RANCHO CUCAMONGA,city
0672996,06037,577,SOUTH EL MONTE,city
,06055,106,NAPA COUNTY,unincorporated
0677000,06085,11966,SUNNYVALE,city
0651560,06065,454,NORCO,city
0677392,06005,74,SUTTER CREEK,city
0675630,06095,620,SUISUN CITY,city
0684438,06037,142,WESTLAKE VILLAGE,city
0660466,06071,8272,RIALTO,city
0686034,06113,552,WINTERS,city
0660900,06023,51,RIO DELL,city
0681134,06045,239,UKIAH,city
0662938,06061,12066,ROSEVILLE,city
0681344,06071,5686,UPLAND,city
0664000,06067,45580,SACRAMENTO,city
0683346,06013,5805,WALNUT CREEK,city
,06067,21272,SACRAMENTO COUNTY,unincorporated
0684410,06037,3933,WEST HOLLYWOOD,city
0652694,06099,1665,OAKDALE,city
0682590,06071,8165,VICTORVILLE,city
0682744,06059,296,VILLA PARK,city
0685922,06097,994,WINDSOR,city
0683332,06037,1293,WALNUT,city
0686832,06059,2415,YORBA LINDA,city
0664224,06053,6674,SALINAS,city
0686944,06093,2,YREKA,city
0683542,06029,1086,WASCO,city
0654232,06013,1359,ORINDA,city
,06071,8832,SAN BERNARDINO COUNTY,unincorporated
0654274,06021,247,ORLAND,city
0684200,06037,5346,WEST COVINA,city
0654806,06081,1892,PACIFICA,city
0686300,06107,492,WOODLAKE,city
0667000,06075,82069,SAN FRANCISCO,city
0667042,06037,3023,SAN GABRIEL,city
0668154,06079,3354,SAN LUIS OBISPO,city
0668252,06081,7015,SAN MATEO,city
0655380,06037,199,PALOS VERDES ESTATES,city
0668378,06013,5111,SAN RAMON,city
0686972,06101,3308,YUBA CITY,city
0655520,06007,7179,PARADISE,city
0669112,06087,3736,SANTA CRUZ,city
0670098,06097,5326,SANTA ROSA,city
0670224,06073,1219,SANTEE,city
0670742,06053,616,SEASIDE,city
0656112,06099,3716,PATTERSON,city
0672520,06053,724,SOLEDAD,city
0656938,06001,587,PIEDMONT,city
0673262,06081,3956,SOUTH SAN FRANCISCO,city
0678106,06103,12,TEHAMA,city
0678582,06111,2621,THOUSAND OAKS,city
0680000,06037,4939,TORRANCE,city
0680238,06077,8830,TRACY,city
,06107,9243,TULARE COUNTY,unincorporated
0680686,06093,2,TULELAKE,city
,06111,1262,VENTURA COUNTY,unincorporated
0682996,06073,2561,VISTA,city
0685446,06065,2715,WILDOMAR,city
0686328,06113,3087,WOODLAND,city
0657456,06013,2052,PITTSBURG,city
0662896,06037,4612,ROSEMEAD,city
0662980,06041,111,ROSS,city
0665084,06059,982,SAN CLEMENTE,city
0667126,06019,200,SAN JOAQUIN,city
0668028,06059,1054,SAN JUAN CAPISTRANO,city
0668294,06013,746,SAN PABLO,city
0669084,06085,11632,SANTA CLARA,city
0669196,06083,5418,SANTA MARIA,city
,06089,1105,SHASTA COUNTY,unincorporated
,06091,4,SIERRA COUNTY,unincorporated
,06093,2,SISKIYOU COUNTY,unincorporated
0672506,06073,875,SOLANA BEACH,city
0678120,06065,4193,TEMECULA,city
0678148,06037,2186,TEMPLE CITY,city
,06105,2,TRINITY COUNTY,unincorporated
0680588,06057,755,TRUCKEE,city
0681204,06001,2728,UNION CITY,city
0665042,06111,5312,VENTURA,city
0682954,06107,10791,VISALIA,city
0683612,06099,557,WATERFORD,city
0683668,06087,2053,WATSONVILLE,city
0684816,06113,9471,WEST SACRAMENTO,city
0685586,06011,330,WILLIAMS,city
0686440,06081,328,WOODSIDE,city
0686930,06055,72,YOUNTVILLE,city
0601444,06049,7,ALTURAS,city
0603064,06079,843,ATASCADERO,city
0603092,06081,348,ATHERTON,city
0608786,06059,8919,BUENA PARK,city
,06007,3788,BUTTE COUNTY,unincorporated
0609864,06065,2017,CALIMESA,city
0610046,06111,1376,CAMARILLO,city
0611250,06053,349,CARMEL,city
0613014,06007,3488,CHICO,city
0616000,06013,5073,CONCORD,city
,06013,7610,CONTRA COSTA COUNTY,unincorporated
0616224,06031,715,CORCORAN,city
0616378,06073,912,CORONADO,city
0618688,06053,184,DEL REY OAKS,city
0620018,06001,3719,DUBLIN,city
0620242,06093,2,DUNSMUIR,city
0621796,06013,1391,EL CERRITO,city
0622412,06037,492,EL SEGUNDO,city
0622804,06073,9607,ESCONDIDO,city
,06019,2350,FRESNO COUNTY,unincorporated
0629000,06059,19168,GARDEN GROVE,city
0630378,06083,1837,GOLETA,city
0631260,06007,345,GRIDLEY,city
0631414,06083,431,GUADALUPE,city
0632548,06037,1734,HAWTHORNE,city
0634904,06099,881,HUGHSON,city
,06025,4301,IMPERIAL COUNTY,unincorporated
0637692,06065,4497,JURUPA VALLEY,city
,06031,561,KINGS COUNTY,unincorporated
0640004,06073,3797,LA MESA,city
0640340,06037,1929,LA PUENTE,city
0639892,06037,3922,LAKEWOOD,city
0642202,06077,3909,LODI,city
0643000,06037,26502,LONG BEACH,city
0644000,06037,456643,LOS ANGELES,city
0645736,06029,13,MARICOPA,city
0648872,06053,3654,MONTEREY,city
0649270,06065,13627,MORENO VALLEY,city
0649670,06085,11135,MOUNTAIN VIEW,city
0650258,06055,2669,NAPA,city
0650874,06057,135,NEVADA CITY,city
0652582,06041,2090,NOVATO,city
0653322,06073,5443,OCEANSIDE,city
0653476,06111,53,OJAI,city
0655156,06037,6640,PALMDALE,city
0655282,06085,6086,PALO ALTO,city
0658352,06063,4,PORTOLA,city
0659587,06059,680,RANCHO SANTA MARGARITA,city
0659892,06103,368,RED BLUFF,city
0659920,06089,2091,REDDING,city
0659962,06071,3516,REDLANDS,city
0665070,06081,2735,SAN CARLOS,city
0666070,06037,1248,SAN DIMAS,city
0666140,06037,1795,SAN FERNANDO,city
0668000,06085,62200,SAN JOSE,city
0668196,06073,3116,SAN MARCOS,city
0669070,06083,8001,SANTA BARBARA,city
0669154,06037,952,SANTA FE SPRINGS,city
0670588,06087,1220,SCOTTS VALLEY,city
0671106,06029,3293,SHAFTER,city
0673108,06017,289,SOUTH LAKE TAHOE,city
,06099,2475,STANISLAUS COUNTY,unincorporated
0677364,06035,58,SUSANVILLE,city
0677574,06029,504,TAFT,city
0678092,06029,902,TEHACHAPI,city
,06109,525,TUOLUMNE COUNTY,unincorporated
0680854,06059,6782,TUSTIN,city
0683850,06093,2,WEED,city
0684606,06025,33,WESTMORLAND,city
0685012,06115,499,WHEATLAND,city
0685292,06037,4189,WHITTIER,city
0685684,06021,185,WILLOWS,city
,06115,2887,YUBA COUNTY,unincorporated
0687042,06071,2866,YUCAIPA,city
